PDS Client Code,Client Name,PDS Product Code,Cession ID#,Active To,To be uploaded,Status,PULLED 9/23,AVAILABLE UNDER NEW LOG IN,Future Development
PORC210901,28 Hicklin Reinsurance Limited ,VESC_SC-PORC_A,8039,,YES,,y,,Equation included in Product Mapping
PORC190606,"3-Line Sisters Reinsurance, Ltd. ",Chemical_PORC_A,7497,,YES,,y,,
PORC190606,"3-Line Sisters Reinsurance, Ltd. ",GAP_PORC_A,7498,,YES,,y,,
PORC190606,"3-Line Sisters Reinsurance, Ltd. ",TW_PORC_A,7499,,YES,,y,,
PORC190606,"3-Line Sisters Reinsurance, Ltd. ",VESC_SC-PORC_A,7194,,YES,,y,,
PORC120405,"4 KAPS Reinsurance, Ltd. (AG) ",EL_SFA,,-,NO,,y,,
PORC120405,"4 KAPS Reinsurance, Ltd. (AG) ",Etch_SFA,,-,NO,,y,,
PORC120405,"4 KAPS Reinsurance, Ltd. (AG) ",GAP_SFA,,-,NO,,y,,
PORC120405,"4 KAPS Reinsurance, Ltd. (AG) ",PPM_SFA,,-,NO,,y,,
PORC120405,"4 KAPS Reinsurance, Ltd. (AG) ",VESC_LP-SFA,6987,,YES,,y,,
PORC120405,"4 KAPS Reinsurance, Ltd. (AG) ",VESC_PC-SFA,,-,NO,,y,,
PORC120405,"4 KAPS Reinsurance, Ltd. (AG) ",VESC_SC-SFA,6990,,YES,,y,,* For Annual… Can newer date automatically replace??
PORC120405,"4 KAPS Reinsurance, Ltd. (AG) ",VscRefund_SC-SFA,,-,NO,,y,,
PORC120407,"4 KAPS Reinsurance, Ltd. (AG) ",PPM_SFA,,12/31/21,NO,,y,,
PORC120407,"4 KAPS Reinsurance, Ltd. (AG) ",VESC_LP-SFA_A,4230,,YES,,y,,
PORC120407,"4 KAPS Reinsurance, Ltd. (AG) ",VESC_LP-SFA,,-,NO,,y,,* For Annual… Can newer date automatically replace??
PORC120407,"4 KAPS Reinsurance, Ltd. (AG) ",VESC_SC-SFA,,-,NO,,y,,
PORC080305,"4 KAPS Reinsurance, Ltd. (QS)",EL_PORC,,-,NO,,y,,
PORC080305,"4 KAPS Reinsurance, Ltd. (QS)",Etch_PORC,,-,NO,,y,,
PORC080305,"4 KAPS Reinsurance, Ltd. (QS)",GAP_PORC,6986,,YES,,y,,* For Annual… Can newer date automatically replace??
PORC080305,"4 KAPS Reinsurance, Ltd. (QS)",LP_PORC,4233,,YES,,y,,
PORC080305,"4 KAPS Reinsurance, Ltd. (QS)",PPM_PORC,,-,NO,,y,,
PORC080305,"4 KAPS Reinsurance, Ltd. (QS)",VESC_PC-PORC,,-,NO,,y,,
PORC080305,"4 KAPS Reinsurance, Ltd. (QS)",VESC_SC-PORC,4247,,YES,,y,,
PORC080305,"4 KAPS Reinsurance, Ltd. (QS)",VscRefund_PORC,,-,NO,,y,,
PORC120406,"4 KAPS Reinsurance, Ltd. (QS) ",LP_PORC_A,4231,,YES,X,y,,
PORC120406,"4 KAPS Reinsurance, Ltd. (QS) ",LP_PORC,4229,,YES,X,y,,
PORC120406,"4 KAPS Reinsurance, Ltd. (QS) ",PPM_PORC,,12/31/18,NO,,y,,
PORC120406,"4 KAPS Reinsurance, Ltd. (QS) ",VESC_SC-PORC,,12/31/18,NO,,y,,
PORC171101,"786 Solutions Reinsurance, Ltd. ",Chemical_PORC_A,8620,,YES,,y,,
PORC171101,"786 Solutions Reinsurance, Ltd. ",Etch_PORC_A,5611,,YES,,y,,
PORC171101,"786 Solutions Reinsurance, Ltd. ",VESC_SC-PORC_A,5610,,YES,,y,,
PORC110326,Alabri Reinsurance Ltd.,Etch_PORC_A,,-,NO,,Y,,
PORC110326,Alabri Reinsurance Ltd.,Etch_PORC,,-,NO,,Y,,
PORC110326,Alabri Reinsurance Ltd.,GAP_PORC_A,,-,NO,,Y,,
PORC110326,Alabri Reinsurance Ltd.,GAP_PORC,,-,NO,,Y,,
PORC110326,Alabri Reinsurance Ltd.,GIP_PORC,,-,NO,,Y,,
PORC200202,"American School Bus Protection Reinsurance, Ltd. ",VESC_LW-PORC_A,7243,,YES,,y,,
PORC070807,"Appalachian Reinsurance, Ltd.",EL_PORC,,12/31/22,NO,,Y,,
PORC110401,"Appalachian Reinsurance, Ltd.",EL_PORC,,12/31/22,NO,,y,,
PORC120404,"Automotive Development Group Reinsurance, Ltd. ",PPM_PORC,,12/31/19,NO,,y,,* For Annual… Can newer date automatically replace??
PORC131001,"AVB Five Reinsurance, Ltd. ",PPM_PORC,,-,NO,,N,,
PORC200205,"B & H Investments Reinsurance, Ltd. ",Chemical_PORC_A,8528,,YES,,y,,
PORC200205,"B & H Investments Reinsurance, Ltd. ",GAP_PORC_A,7967,,YES,,y,,
PORC200205,"B & H Investments Reinsurance, Ltd. ",VESC_CL-PORC_A,7212,,YES,,y,,
PORC200205,"B & H Investments Reinsurance, Ltd. ",VESC_KR-PORC_A,7968,,YES,,y,,
PORC200205,"B & H Investments Reinsurance, Ltd. ",VESC_PR-PORC_A,7970,,YES,,y,,
PORC200205,"B & H Investments Reinsurance, Ltd. ",VESC_PW-PORC_A,8543,,YES,,y,,
PORC200205,"B & H Investments Reinsurance, Ltd. ",VESC_SC-PORC_A,7969,,YES,,y,,
PORC130503,"B & R Turbo Reinsurance, Ltd. ",GAP_PORC_A,8629,,YES,,y,,
PORC130503,"B & R Turbo Reinsurance, Ltd. ",Chemical_PORC_A,3574,,YES,,y,,
PORC130503,"B & R Turbo Reinsurance, Ltd. ",Chemical_PORC,,05/31/19,NO,,y,,
PORC130503,"B & R Turbo Reinsurance, Ltd. ",TW_PORC_A,7434,,YES,,y,,
PORC130503,"B & R Turbo Reinsurance, Ltd. ",VESC_SC-PORC_A,3576,,YES,,y,,
PORC130503,"B & R Turbo Reinsurance, Ltd. ",VESC_SC-PORC,,12/31/21,NO,,y,,
PORC131205,"Baron Group Reinsurance, Ltd. ",Etch_PORC_A,7239,,YES,,y,,
PORC131205,"Baron Group Reinsurance, Ltd. ",PPM-PORC_A,4370,,YES,,y,,
PORC131205,"Baron Group Reinsurance, Ltd. ",VESC_SC-PORC_A,4371,,YES,,y,,
PORC131205,"Baron Group Reinsurance, Ltd. ",VESC_SC-PORC,,07/08/19,NO,,y,,
PORC061101,"Bemis Reinsurance, Ltd. ",Equis_SC-PORC,,12/31/18,NO,,N,,
PORC120904,BES & Associates Reinsurance Limited ,Chemical_PORC_A,3315,,YES,,y,,
PORC120904,BES & Associates Reinsurance Limited ,Chemical_PORC,,12/31/21,NO,,y,,
PORC120904,BES & Associates Reinsurance Limited ,GAP_PORC_A,,12/31/22,NO,,y,,
PORC120904,BES & Associates Reinsurance Limited ,GAP_PORC,,12/31/22,NO,,y,,
PORC120904,BES & Associates Reinsurance Limited ,LP_PORC_A,3319,,YES,,y,,
PORC120904,BES & Associates Reinsurance Limited ,LP_PORC,3318,,YES,,y,,
PORC120904,BES & Associates Reinsurance Limited ,PPM-PORC_A,3321,,YES,,y,,
PORC120904,BES & Associates Reinsurance Limited ,PPM_PORC,,12/31/18,NO,,y,,
PORC120904,BES & Associates Reinsurance Limited ,VESC_PW-PORC_A,8407,,YES,,y,,
PORC120904,BES & Associates Reinsurance Limited ,VESC_SC-PORC_A,3323,,YES,,y,,
PORC120904,BES & Associates Reinsurance Limited ,VESC_SC-PORC,,12/31/22,NO,,y,annual,Equation included in Product Mapping
PORC130501,"BLW Reinsurance, Ltd. ",Chemical_PORC_A,3578,,YES,,y,,
PORC130501,"BLW Reinsurance, Ltd. ",Chemical_PORC,,06/30/19,NO,,y,,
PORC130501,"BLW Reinsurance, Ltd. ",VESC_SC-PORC_A,3580,,YES,,y,,
PORC130501,"BLW Reinsurance, Ltd. ",VESC_SC-PORC,,12/31/21,NO,,y,,
PORC071011,"Bnouri 1958 Reinsurance Co., Ltd. ",EL_PORC,,-,NO,,N,,
PORC071011,"Bnouri 1958 Reinsurance Co., Ltd. ",PPM_PORC,,-,NO,,N,,
PORC071011,"Bnouri 1958 Reinsurance Co., Ltd. ",VESC_LW-PORC,,-,NO,,N,,
PORC030602,"BP & 4M Reinsurance Company, Ltd. ",Chemical_PORC,,-,NO,,Y,,
PORC030602,"BP & 4M Reinsurance Company, Ltd. ",Equis_SC-PORC,,-,NO,,Y,,
PORC030602,"BP & 4M Reinsurance Company, Ltd. ",Etch_PORC,,-,NO,,Y,,
PORC030602,"BP & 4M Reinsurance Company, Ltd. ",GAP_PORC,3053,,YES,,Y,,
PORC030602,"BP & 4M Reinsurance Company, Ltd. ",PPM_PORC,,-,NO,,Y,,
PORC030602,"BP & 4M Reinsurance Company, Ltd. ",VESC_LW-PORC,,-,NO,,Y,,
PORC030602,"BP & 4M Reinsurance Company, Ltd. ",VESC_SC-PORC,8472,,YES,,Y,,
PORC030602,"BP & 4M Reinsurance Company, Ltd. ",VscRefund_PORC,3056,,YES,,Y,,
PORC220102,"BRAG Reinsurance, Inc. ",Chemical_PORC_A,8295,,YES,,Y,,
PORC220102,"BRAG Reinsurance, Inc. ",GAP_PORC_A,8297,,YES,,Y,,
PORC220102,"BRAG Reinsurance, Inc. ",VESC_CL-PORC_A,8296,,YES,,Y,,
PORC220102,"BRAG Reinsurance, Inc. ",VESC_PW-PORC_A,8294,,YES,,Y,,
PORC220102,"BRAG Reinsurance, Inc. ",VESC_SC-PORC_A,8293,,YES,,Y,,
PORC180904,Brillhart 2 Reinsurance Limited ,GAP_PORC_A,,-,NO,,y,,
PORC030107,C. Brewer,Equis_SC-PORC,,-,NO,,Y,,
PORC030107,C. Brewer,Etch_PORC,,-,NO,,Y,,
PORC030107,C. Brewer,GIP_PORC,,-,NO,,Y,,
PORC030107,C. Brewer,LW_PORC,,-,NO,,Y,,
PORC030107,C. Brewer,PPM_PORC,,-,NO,,Y,,
PORC030107,C. Brewer,SC_PORC,,-,NO,,Y,,
PORC110335,"C. Brewer Investments Reinsurance, Ltd.",Etch_PORC,,-,NO,,Y,,
PORC110335,"C. Brewer Investments Reinsurance, Ltd.",GAP_PORC_A,,-,NO,,Y,,
PORC110335,"C. Brewer Investments Reinsurance, Ltd.",PPM_PORC_A,,-,NO,,Y,,
PORC110335,"C. Brewer Investments Reinsurance, Ltd.",PPM_PORC,,-,NO,,Y,,
PORC110335,"C. Brewer Investments Reinsurance, Ltd.",VESC_SC-PORC,,-,NO,,Y,,
PORC130121,C3 Reinsurance Limited ,Chemical_PORC,,12/31/20,NO,,y,,
PORC130121,C3 Reinsurance Limited ,GAP_PORC,,12/31/21,NO,,y,,
PORC130121,C3 Reinsurance Limited ,LP_PORC,3328,,YES,,y,,
PORC130121,C3 Reinsurance Limited ,PPM_PORC,,12/31/19,NO,,y,,
PORC130121,C3 Reinsurance Limited ,VESC_SC-PORC,3330,,YES,,y,,
PORC110147,"CAD Reinsurance, Ltd.",,,-,NO,,Y,,
PORC110147,"CAD Reinsurance, Ltd.",,,-,NO,,Y,,
PORC110147,"CAD Reinsurance, Ltd.",,,03/31/22,NO,,Y,,
PORC050613,"CAD Reinsurance, Ltd. ",DIM_PORC,,-,NO,,Y,,
PORC050613,"CAD Reinsurance, Ltd. ",Etch_PORC,,-,NO,,Y,,
PORC050613,"CAD Reinsurance, Ltd. ",PPM_PORC,,-,NO,,Y,,
PORC050613,"CAD Reinsurance, Ltd. ",VESC_SC-PORC,,-,NO,,Y,,
PORC160803,Calico Reinsurance Limited ,Chemical_PORC_A,7437,,YES,,y,,
PORC160803,Calico Reinsurance Limited ,Etch_PORC_A,4456,,YES,,y,,
PORC160803,Calico Reinsurance Limited ,GAP_PORC_A,4458,,YES,,y,,
PORC160803,Calico Reinsurance Limited ,PPM-PORC_A,5284,,YES,,y,,Equation included in Product Mapping
PORC160803,Calico Reinsurance Limited ,VESC_SC-PORC_A,4457,,YES,,y,,
PORC140802,"CastroRIC Reinsurance, Ltd. ",Chemical_PORC_A,,-,NO,,y,,
PORC140802,"CastroRIC Reinsurance, Ltd. ",Etch_PORC_A,,05/31/21,NO,,y,,
PORC140802,"CastroRIC Reinsurance, Ltd. ",GAP_PORC_A,,12/31/21,NO,,y,,
PORC140802,"CastroRIC Reinsurance, Ltd. ",GAP_PORC,,10/31/21,NO,,y,,
PORC140802,"CastroRIC Reinsurance, Ltd. ",PPM_PORC_A,,10/31/21,NO,,y,,
PORC140802,"CastroRIC Reinsurance, Ltd. ",PPM_PORC,,12/31/21,NO,,y,,
PORC040209,"Castrucci Reinsurance, Ltd. ",DIM_PORC,,-,NO,,N,,
PORC040209,"Castrucci Reinsurance, Ltd. ",VESC_SC-PORC,,-,NO,,N,,
PORC061205,"Catterson Reinsurance, Ltd. ",DIM_PORC,,-,NO,,N,,
PORC061205,"Catterson Reinsurance, Ltd. ",VESC_SC-PORC,,-,NO,,N,,
PORC211207,"CEC Enterprises Reinsurance, Inc. ",Chemical_PORC_A,8278,,YES,Need to clear mapping,y,,Equation included in Product Mapping
PORC211207,"CEC Enterprises Reinsurance, Inc. ",VESC_SC-PORC_A,8291,,YES,Need to clear mapping,y,,Equation included in Product Mapping
PORC211213,"CEC Enterprises Reinsurance, Inc. ",Chemical_PORC_A,8279,,YES,Need to clear mapping,y,,
PORC211213,"CEC Enterprises Reinsurance, Inc. ",VESC_SC-PORC_A,8282,,YES,Need to clear mapping,y,,
PORC211207,"CEC Enterprises Reinsurance, Inc. ",GAP_PORC_A,8280,,YES,,y,,Equation included in Product Mapping
PORC170501,"Cincinnati Cowboys Reinsurance, Ltd. ",VESC_LD-PORC_A,8621,,YES,,y,,
PORC170501,"Cincinnati Cowboys Reinsurance, Ltd. ",Chemical_PORC_A,5555,,YES,,y,,
PORC170501,"Cincinnati Cowboys Reinsurance, Ltd. ",LP_PORC_A,7299,,YES,,y,,
PORC170501,"Cincinnati Cowboys Reinsurance, Ltd. ",VESC_CL-PORC_A,7160,,YES,,y,,
PORC170501,"Cincinnati Cowboys Reinsurance, Ltd. ",VESC_KR-PORC_A,7161,,YES,,y,,
PORC170501,"Cincinnati Cowboys Reinsurance, Ltd. ",VESC_PC-PORC_A,7160,,YES,,y,,
PORC170501,"Cincinnati Cowboys Reinsurance, Ltd. ",VESC_PW-PORC_A,8550,,YES,,y,,
PORC170501,"Cincinnati Cowboys Reinsurance, Ltd. ",VESC_SC-PORC_A,5556,,YES,,y,,
PORC031285,"CKK Reinsurance Co., Ltd ",Equis_SC-PORC,,-,NO,,N,,
PORC211205,"CLPower Holdings Reinsurance, Inc. ",Chemical_PORC_A,8273,,YES,Need to clear mapping,y,,
PORC211205,"CLPower Holdings Reinsurance, Inc. ",VESC_SC-PORC_A,8276,,YES,Need to clear mapping,y,,Equation included in Product Mapping
PORC211211,"CLPower Holdings Reinsurance, Inc. ",Chemical_PORC_A,8274,,YES,Need to clear mapping,y,,Equation included in Product Mapping
PORC211211,"CLPower Holdings Reinsurance, Inc. ",VESC_SC-PORC_A,8277,,YES,Need to clear mapping,y,,
PORC211205,"CLPower Holdings Reinsurance, Inc. ",GAP_PORC_A,8275,,YES,,y,,Equation included in Product Mapping
PORC220902,"Coldfront Holdings Reinsurance, Inc. ",VESC_SC-PORC_A,8300,,YES,CHECK,Y,,
PORC220902,"Coldfront Holdings Reinsurance, Inc. ",VESC_SC-PORC_A,8622,,YES,CHECK,Y,,
PORC151103,Coldfront Reinsurance fka Narrowgate Holdings Rein ,VESC_SC-PORC_A,8300,,YES,,y,,
PORC170902,"Cole Creek Reinsurance, Ltd. ",ETCH_PORC_A,,-,NO,,y,,
PORC170902,"Cole Creek Reinsurance, Ltd. ",GAP_PORC_A,,-,NO,,y,,
PORC170902,"Cole Creek Reinsurance, Ltd. ",PPM_PORC_A,,-,NO,,y,,
PORC170902,"Cole Creek Reinsurance, Ltd. ",VESC_SC-PORC_A,,-,NO,,y,,
PORC140803,"CollinsRIC Reinsurance, Ltd. ",PPM_PORC_A,,-,NO,,y,,
PORC190605,"Corinth Reinsurance FM Company, Ltd. ",PPM_PORC_A,,-,NO,,y,,
PORC180401,"Court Laine Reinsurance, Ltd. ",VESC_LW-PORC_A,6833,,YES,,y,,
PORC040202,"Coyle Reinsurance, Ltd. ",DIM_PORC,,-,NO,,Y,,
PORC040202,"Coyle Reinsurance, Ltd. ",PPM_PORC,,-,NO,,Y,,
PORC040202,"Coyle Reinsurance, Ltd. ",VESC_SC-PORC,,-,NO,,Y,,
PORC110103,"Coyle Reinsurance, Ltd. ",VESC_SC-PORC,,-,NO,,Y,,
PORC211208,"CRIC Reinsurance, Inc. ",Chemical_PORC_A,8283,,YES,Need to clear mapping,y,,Equation included in Product Mapping
PORC211208,"CRIC Reinsurance, Inc. ",VESC_SC-PORC_A,8286,,YES,Need to clear mapping,y,,Equation included in Product Mapping
PORC211214,"CRIC Reinsurance, Inc. ",Chemical_PORC_A,8284,,YES,Need to clear mapping,y,,
PORC211214,"CRIC Reinsurance, Inc. ",VESC_SC-PORC_A,8287,,YES,Need to clear mapping,y,,
PORC211208,"CRIC Reinsurance, Inc. ",GAP_PORC_A,8285,,YES,,y,,Equation included in Product Mapping
PORC130201,"Crivelli Lifetime Reinsurance, Ltd. ",LP_PORC,3232,,YES,,y,,
PORC130201,"Crivelli Lifetime Reinsurance, Ltd. ",VESC_LW-PORC_A,3234,,YES,,y,,
PORC130201,"Crivelli Lifetime Reinsurance, Ltd. ",VESC_SC-PORC_A,3236,,YES,,y,,
PORC130201,"Crivelli Lifetime Reinsurance, Ltd. ",VESC_SC-PORC,,05/31/21,NO,,y,,
PORC130201,"Crivelli Lifetime Reinsurance, Ltd. ",LP_PORC_A,3233,,YES,,y,,
PORC110340,"Cross Timbers Reinsurance Company, Inc.",Etch_PORC_A,,-,NO,,Y,,
PORC110340,"Cross Timbers Reinsurance Company, Inc.",Etch_PORC,,-,NO,,Y,,
PORC110340,"Cross Timbers Reinsurance Company, Inc.",GAP_PORC_A,,-,NO,,Y,,
PORC110340,"Cross Timbers Reinsurance Company, Inc.",GAP_PORC,,-,NO,,Y,,
PORC110340,"Cross Timbers Reinsurance Company, Inc.",GIP_PORC,,-,NO,,Y,,
PORC110340,"Cross Timbers Reinsurance Company, Inc.",LP_PORC_A,,-,NO,,Y,,
PORC110340,"Cross Timbers Reinsurance Company, Inc.",LP_PORC,,-,NO,,Y,,
PORC110340,"Cross Timbers Reinsurance Company, Inc.",PPM_PORC_A,,-,NO,,Y,,
PORC110340,"Cross Timbers Reinsurance Company, Inc.",PPM_PORC,,-,NO,,Y,,
PORC110340,"Cross Timbers Reinsurance Company, Inc.",VESC_SC-PORC_A,,-,NO,,Y,,
PORC110340,"Cross Timbers Reinsurance Company, Inc.",VESC_SC-PORC,,-,NO,,Y,,
PORC110379,"Cruisin' OZ Reinsurance, Ltd. (AG)",Etch_SFA_A,,-,NO,,y,,
PORC110379,"Cruisin' OZ Reinsurance, Ltd. (AG)",Etch_SFA,,-,NO,,y,,
PORC110379,"Cruisin' OZ Reinsurance, Ltd. (AG)",GAP_SFA_A,,-,NO,,y,,
PORC110379,"Cruisin' OZ Reinsurance, Ltd. (AG)",GAP_SFA,,-,NO,,y,,
PORC110379,"Cruisin' OZ Reinsurance, Ltd. (AG)",VESC_SC-SFA_A,,-,NO,,y,,
PORC110379,"Cruisin' OZ Reinsurance, Ltd. (AG)",VESC_SC-SFA,,-,NO,,y,,
PORC110379,"Cruisin' OZ Reinsurance, Ltd. (AG)",VESC_SC-SFA_P,,-,NO,,y,,
PORC100102,"DAI Re fka DTAG Reinsurance, Ltd.",GIP_PORC,,-,NO,,Y,,
PORC100102,"DAI Re fka DTAG Reinsurance, Ltd.",PPM_PORC,,-,NO,,Y,,
PORC100102,"DAI Re fka DTAG Reinsurance, Ltd.",VESC_LW-PORC,,-,NO,,Y,,
PORC100102,"DAI Re fka DTAG Reinsurance, Ltd.",VESC_SC-PORC,,-,NO,,Y,,
PORC110388,"DAI Re fka FCDJ Reinsurance, Ltd.",GAP_PORC,,-,NO,,y,,
PORC110388,"DAI Re fka FCDJ Reinsurance, Ltd.",GIP_PORC,,-,NO,,y,,
PORC110388,"DAI Re fka FCDJ Reinsurance, Ltd.",PPM_PORC_A,,-,NO,,y,,
PORC110388,"DAI Re fka FCDJ Reinsurance, Ltd.",PPM_PORC,,-,NO,,y,,
PORC110388,"DAI Re fka FCDJ Reinsurance, Ltd.",VESC_SC-PORC,,-,NO,,y,,
PORC210104,Dan Powers Reinsurance Limited ,Chemical_PORC_A,8047,,YES,,y,,
PORC210104,Dan Powers Reinsurance Limited ,VESC_CL-PORC_A,8049,,YES,,y,,
PORC210104,Dan Powers Reinsurance Limited ,VESC_PW-PORC_A,8544,,YES,,y,,
PORC210104,Dan Powers Reinsurance Limited ,VESC_SC-PORC_A,8048,,YES,,y,,
PORC171102,"Dave and Lori Stumbo Reinsurance, Ltd. ",Chemical_PORC_A,6462,,YES,,y,,
PORC171102,"Dave and Lori Stumbo Reinsurance, Ltd. ",EL_PORC_A,7780,,YES,,y,,
PORC171102,"Dave and Lori Stumbo Reinsurance, Ltd. ",LP_PORC_A,6466,,YES,,y,,
PORC171102,"Dave and Lori Stumbo Reinsurance, Ltd. ",PPM-PORC_A,6835,,YES,,y,,
PORC171102,"Dave and Lori Stumbo Reinsurance, Ltd. ",VESC_CL-PORC_A,6464,,YES,,y,,
PORC171102,"Dave and Lori Stumbo Reinsurance, Ltd. ",VESC_KR-PORC_A,6465,,YES,,y,,
PORC171102,"Dave and Lori Stumbo Reinsurance, Ltd. ",VESC_PC-PORC_A,6467,,YES,,y,,
PORC171102,"Dave and Lori Stumbo Reinsurance, Ltd. ",VESC_PW-PORC_A,8527,,YES,,y,,
PORC171102,"Dave and Lori Stumbo Reinsurance, Ltd. ",VESC_SC-PORC_A,6468,,YES,,y,,
PORC110384,"DCG Reinsurance Co., Ltd. (AG)",Chemical_SFA_A,6484,,YES,,y,,
PORC110384,"DCG Reinsurance Co., Ltd. (AG)",Chemical_SFA,,-,NO,,y,,
PORC110384,"DCG Reinsurance Co., Ltd. (AG)",GAP_SFA_A,6479,,YES,,y,,
PORC110384,"DCG Reinsurance Co., Ltd. (AG)",GAP_SFA,,12/31/21,NO,,y,,
PORC110384,"DCG Reinsurance Co., Ltd. (AG)",PPM_SFA_A,2701,,YES,,y,,
PORC110384,"DCG Reinsurance Co., Ltd. (AG)",PPM_SFA,,-,NO,,y,,
PORC110384,"DCG Reinsurance Co., Ltd. (AG)",VESC_LP-SFA_A,2690,,YES,,y,,
PORC110384,"DCG Reinsurance Co., Ltd. (AG)",VESC_LP-SFA,2688,,YES,,y,,
PORC110384,"DCG Reinsurance Co., Ltd. (AG)",VESC_LW-SFA_A,2693,,YES,,y,,
PORC110384,"DCG Reinsurance Co., Ltd. (AG)",VESC_LW-SFA,,-,NO,,y,,
PORC110384,"DCG Reinsurance Co., Ltd. (AG)",VESC_PR-SFA_P,8426,,YES,,y,,
PORC110384,"DCG Reinsurance Co., Ltd. (AG)",VESC_SC-SFA,2704,,YES,,y,,
PORC110384,"DCG Reinsurance Co., Ltd. (AG)",VESC_SC-SFA_P,6348,,YES,,y,,
PORC110384,"DCG Reinsurance Co., Ltd. (AG)",VESC_CL-SFA_A,6482,,YES,Need to clear mapping,y,,
PORC110384,"DCG Reinsurance Co., Ltd. (AG)",VESC_CL-SFA_P,6481,,YES,Need to clear mapping,y,,
PORC070505,"DCG Reinsurance Co., Ltd. (AG) ",Chemical_SFA,,-,NO,,Y,,
PORC070505,"DCG Reinsurance Co., Ltd. (AG) ",EL_SFA,,-,NO,,Y,,
PORC070505,"DCG Reinsurance Co., Ltd. (AG) ",GAP_SFA,,12/31/21,NO,,Y,,
PORC070505,"DCG Reinsurance Co., Ltd. (AG) ",PPM_SFA,,-,NO,,Y,,
PORC070505,"DCG Reinsurance Co., Ltd. (AG) ",VESC_LP-SFA,8217,,YES,,Y,,* For Annual… Can newer date automatically replace??
PORC070505,"DCG Reinsurance Co., Ltd. (AG) ",VESC_LW-SFA,,-,NO,,Y,,
PORC070505,"DCG Reinsurance Co., Ltd. (AG) ",VESC_SC-SFA,2705,,YES,,Y,,* For Annual… Can newer date automatically replace??
PORC110342,"DCG Reinsurance Co., Ltd. (QS)",Chemical_PORC,,-,NO,,Y,,
PORC110342,"DCG Reinsurance Co., Ltd. (QS)",LP_PORC,2689,,YES,,Y,,
PORC110342,"DCG Reinsurance Co., Ltd. (QS)",PPM_PORC,,-,NO,,Y,,
PORC110342,"DCG Reinsurance Co., Ltd. (QS)",VESC_LW-PORC,,-,NO,,Y,,
PORC080903,"DCG Reinsurance Co., Ltd. (QS) ",Chemical_PORC,,-,NO,,Y,,
PORC080903,"DCG Reinsurance Co., Ltd. (QS) ",GAP_PORC,,12/31/21,NO,,Y,,
PORC080903,"DCG Reinsurance Co., Ltd. (QS) ",LP_PORC,,08/31/20,NO,,Y,,
PORC080903,"DCG Reinsurance Co., Ltd. (QS) ",PPM_PORC,,-,NO,,Y,,
PORC080903,"DCG Reinsurance Co., Ltd. (QS) ",VESC_LW-PORC,,-,NO,,Y,,
PORC080903,"DCG Reinsurance Co., Ltd. (QS) ",VESC_SC-PORC,,-,NO,,Y,,
PORC110141,"Dealer Dollars Reinsurance, LTD",Chemical_PORC_A,3355,,YES,,Y,,
PORC110141,"Dealer Dollars Reinsurance, LTD",Etch_PORC_A,,-,NO,,Y,,
PORC110141,"Dealer Dollars Reinsurance, LTD",LP_PORC_A,3358,,YES,,Y,,
PORC110141,"Dealer Dollars Reinsurance, LTD",VESC_KR-PORC_A,,,YES,,Y,,
PORC110141,"Dealer Dollars Reinsurance, LTD",VESC_LW-PORC,,,YES,,Y,,
PORC110141,"Dealer Dollars Reinsurance, LTD",VESC_SC-PORC_A,3362,,YES,,Y,,
PORC110141,"Dealer Dollars Reinsurance, LTD",VESC_SC-PORC,3361,,YES,,Y,,
PORC080809,"Dealer Dollars Reinsurance, LTD ",VESC_LW-PORC,,-,NO,,Y,,
PORC080809,"Dealer Dollars Reinsurance, LTD ",VESC_SC-PORC,,12/31/19,NO,,Y,,
PORC100902,"Dealer Services Reinsurance, Ltd. ",GAP_PORC_A,2806,,YES,,Y,,
PORC100902,"Dealer Services Reinsurance, Ltd. ",GAP_PORC,,10/01/22,NO,,Y,,
PORC100902,"Dealer Services Reinsurance, Ltd. ",LP_PORC_A,2808,,YES,,Y,,
PORC100902,"Dealer Services Reinsurance, Ltd. ",LP_PORC,2807,,YES,,Y,,
PORC100902,"Dealer Services Reinsurance, Ltd. ",VESC_SC-PORC_A,2810,,YES,,Y,,
PORC100902,"Dealer Services Reinsurance, Ltd. ",VESC_SC-PORC,2809,,YES,,Y,,
PORC060702,Dixon Investments Reinsurance Ltd. ,Equis_SC-PORC,,-,NO,,Y,,
PORC060702,Dixon Investments Reinsurance Ltd. ,Etch_PORC,,-,NO,,Y,,
PORC060702,Dixon Investments Reinsurance Ltd. ,GIP_PORC,,-,NO,,Y,,
PORC060702,Dixon Investments Reinsurance Ltd. ,VESC_LW-PORC,,-,NO,,Y,,
PORC130901,"DJ Reinsurance, Ltd. ",Chemical_PORC_A,3364,,YES,,y,,
PORC130901,"DJ Reinsurance, Ltd. ",Chemical_PORC,,12/03/19,NO,,y,,
PORC130901,"DJ Reinsurance, Ltd. ",Etch_PORC,,12/31/20,NO,,y,,* For Annual… Can newer date automatically replace??
PORC130901,"DJ Reinsurance, Ltd. ",GAP_PORC,,12/31/22,NO,,y,,
PORC130901,"DJ Reinsurance, Ltd. ",VESC_SC-PORC_A,3368,,YES,,y,,
PORC130901,"DJ Reinsurance, Ltd. ",VESC_SC-PORC,3367,,YES,,y,,
PORC060302,"DJDF Reinsurance, Ltd. ",Equis_SC-PORC,,-,NO,,Y,,
PORC060302,"DJDF Reinsurance, Ltd. ",GAP_PORC,,-,NO,,Y,,
PORC140303,"DuhonRIC Reinsurance, Ltd. ",,,-,NO,,y,,
PORC140303,"DuhonRIC Reinsurance, Ltd. ",,,-,NO,,y,,
PORC140303,"DuhonRIC Reinsurance, Ltd. ",,,-,NO,,y,,
PORC140303,"DuhonRIC Reinsurance, Ltd. ",,,-,NO,,y,,
PORC140303,"DuhonRIC Reinsurance, Ltd. ",,,-,NO,,y,,
PORC140303,"DuhonRIC Reinsurance, Ltd. ",,,-,NO,,y,,
PORC110307,"El Dorado Satisfaction Reinsurance Co., Ltd.",GAP_PORC_A,,-,NO,,Y,,
PORC110307,"El Dorado Satisfaction Reinsurance Co., Ltd.",GAP_PORC,,-,NO,,Y,,
PORC110307,"El Dorado Satisfaction Reinsurance Co., Ltd.",GIP_PORC,,-,NO,,Y,,
PORC110307,"El Dorado Satisfaction Reinsurance Co., Ltd.",PPM_PORC_A,,-,NO,,Y,,
PORC110307,"El Dorado Satisfaction Reinsurance Co., Ltd.",PPM_PORC,,-,NO,,Y,,
PORC110307,"El Dorado Satisfaction Reinsurance Co., Ltd.",VESC_SC-PORC_A,,-,NO,,Y,,
PORC110307,"El Dorado Satisfaction Reinsurance Co., Ltd.",VESC_SC-PORC,,-,NO,,Y,,
PORC110387,"Equifirst Reinsurance, Ltd.",Etch_PORC_A,,-,NO,,y,,
PORC110387,"Equifirst Reinsurance, Ltd.",Etch_PORC,,-,NO,,y,,
PORC110387,"Equifirst Reinsurance, Ltd.",GAP_PORC_A,,-,NO,,y,,
PORC110387,"Equifirst Reinsurance, Ltd.",GAP_PORC,,-,NO,,y,,
PORC110387,"Equifirst Reinsurance, Ltd.",GIP_PORC,,-,NO,,y,,
PORC110387,"Equifirst Reinsurance, Ltd.",PPM_PORC_A,,-,NO,,y,,
PORC110387,"Equifirst Reinsurance, Ltd.",PPM_PORC,,-,NO,,y,,
PORC110387,"Equifirst Reinsurance, Ltd.",VESC_SC-PORC_A,,-,NO,,y,,
PORC110387,"Equifirst Reinsurance, Ltd.",VESC_SC-PORC,,-,NO,,y,,
PORC030403,"Equity Bay Reinsurance, Ltd. ",Etch_PORC,-,-,NO,,N,Y,
PORC030403,"Equity Bay Reinsurance, Ltd. ",LP_PORC,2909,,YES,,N,Y,
PORC030403,"Equity Bay Reinsurance, Ltd. ",PPM_PORC,,-,NO,,N,Y,
PORC030403,"Equity Bay Reinsurance, Ltd. ",VESC_LW-PORC,,-,NO,,N,Y,
PORC030403,"Equity Bay Reinsurance, Ltd. ",VESC_SC-PORC,2918,,YES,,N,Y,
PORC030403,"Equity Bay Reinsurance, Ltd. ",VscRefund_PORC,,-,NO,,N,Y,
PORC110513,"Equity Bay Reinsurance, Ltd. ",LP_PORC_A,2908,,YES,,Y,,
PORC110513,"Equity Bay Reinsurance, Ltd. ",PPM_PORC_A,,-,NO,,Y,,
PORC110513,"Equity Bay Reinsurance, Ltd. ",PPM_PORC,,-,NO,,Y,,
PORC110513,"Equity Bay Reinsurance, Ltd. ",VESC_SC-PORC_A,2915,,YES,,Y,,
PORC110513,"Equity Bay Reinsurance, Ltd. ",VESC_SC-PORC,2914,,YES,,Y,,
PORC110513,"Equity Bay Reinsurance, Ltd. ",VscRefund_PORC,,12/31/18,NO,,Y,,
PORC121202,"ER Investments Reinsurance, Ltd. ",LP_PORC_A,5312,,YES,,y,,
PORC121202,"ER Investments Reinsurance, Ltd. ",LP_PORC,5210,,YES,,y,,
PORC121202,"ER Investments Reinsurance, Ltd. ",VESC_SC-PORC_A,5313,,YES,,y,,
PORC121202,"ER Investments Reinsurance, Ltd. ",VESC_SC-PORC,3211,,YES,,y,,
PORC211206,"Evert Family Trust Reinsurance, Inc. ",Chemical_PORC_A,8288,,YES,Need to clear mapping,y,,
PORC211206,"Evert Family Trust Reinsurance, Inc. ",VESC_SC-PORC_A,8291,,YES,Need to clear mapping,y,,
PORC211212,"Evert Family Trust Reinsurance, Inc. ",Chemical_PORC_A,8289,,YES,Need to clear mapping,y,,
PORC211212,"Evert Family Trust Reinsurance, Inc. ",VESC_SC-PORC_A,8292,,YES,Need to clear mapping,y,,
PORC211206,"Evert Family Trust Reinsurance, Inc. ",GAP_PORC_A,8290,,YES,,y,,Equation included in Product Mapping
PORC090413,FCH Reinsurance Limited ,Etch_PORC,,-,NO,,N,,
PORC090413,FCH Reinsurance Limited ,PPM_PORC,,-,NO,,N,,
PORC090413,FCH Reinsurance Limited ,VESC_LW-PORC,,-,NO,,N,,
PORC090413,FCH Reinsurance Limited ,VESC_SC-PORC,,-,NO,,N,,
PORC090413,FCH Reinsurance Limited ,VscRefund_PORC,,-,NO,,N,,
PORC190101,"First Euro Group Reinsurance, Ltd. ",Etch_PORC_A,6805,,YES,,y,,
PORC190101,"First Euro Group Reinsurance, Ltd. ",VESC_CL-PORC_A,8079,,YES,,y,,
PORC190101,"First Euro Group Reinsurance, Ltd. ",VESC_PW-PORC_A,8551,,YES,,y,,
PORC190101,"First Euro Group Reinsurance, Ltd. ",VESC_SC-PORC_A,6806,,YES,,y,,
PORC170803,"First Vogler Reinsurance, Ltd. ",Chemical_PORC_A,5704,,YES,,y,,Equation included in Product Mapping
PORC170803,"First Vogler Reinsurance, Ltd. ",Etch_PORC_A,5701,,YES,,y,,
PORC170803,"First Vogler Reinsurance, Ltd. ",LP_PORC_A,5702,,YES,,y,,
PORC170803,"First Vogler Reinsurance, Ltd. ",VESC_CL-PORC_A,7428,,YES,,y,,
PORC170803,"First Vogler Reinsurance, Ltd. ",VESC_PW-PORC_A,8545,,YES,,y,,
PORC170803,"First Vogler Reinsurance, Ltd. ",VESC_SC-PORC_A,5703,,YES,,y,,
PORC210802,"FJMJ Reinsurance Co., Ltd. ",VESC_KR-PORC_A,8624,,YES,,y,,
PORC210802,"FJMJ Reinsurance Co., Ltd. ",EL_PORC_A,7963,,YES,,y,,Equation included in Product Mapping
PORC210802,"FJMJ Reinsurance Co., Ltd. ",VESC_PW-PORC_A,8552,,YES,,y,,Equation included in Product Mapping
PORC210802,"FJMJ Reinsurance Co., Ltd. ",VESC_SC-PORC_A,7961,,YES,,y,,
PORC110413,"Flatirons Reinsurance Co., Ltd.",GAP_PORC_A,,-,NO,,y,,
PORC110413,"Flatirons Reinsurance Co., Ltd.",GAP_PORC,,-,NO,,y,,
PORC110413,"Flatirons Reinsurance Co., Ltd.",GIP_PORC,,-,NO,,y,,
PORC110413,"Flatirons Reinsurance Co., Ltd.",PPM_PORC_A,,-,NO,,y,,Equation included in Product Mapping
PORC110413,"Flatirons Reinsurance Co., Ltd.",PPM_PORC,,-,NO,,y,,
PORC200901,"Four Ladies and An Ace Reinsurance, Ltd. ",VESC_CL-PORC_A,7974,,YES,,y,,
PORC200901,"Four Ladies and An Ace Reinsurance, Ltd. ",VESC_PW-PORC_A,8546,,YES,,y,,
PORC200901,"Four Ladies and An Ace Reinsurance, Ltd. ",VESC_SC-PORC_A,7972,,YES,,y,,
PORC210304,"Gemini Warranty Reinsurance, Ltd. ",VESC_HT-PORC_A,8599,,YES,,y,,
PORC210304,"Gemini Warranty Reinsurance, Ltd. ",VESC_PC-PORC_A,8600,,YES,,y,,
PORC210304,"Gemini Warranty Reinsurance, Ltd. ",Chemical_PORC_A,8053,,YES,,y,,
PORC210304,"Gemini Warranty Reinsurance, Ltd. ",VESC_CL-PORC_A,8051,,YES,,y,,
PORC210304,"Gemini Warranty Reinsurance, Ltd. ",VESC_PW-PORC_A,8553,,YES,,y,,
PORC210304,"Gemini Warranty Reinsurance, Ltd. ",VESC_SC-PORC_A,8050,,YES,,y,,
PORC110430,Gerard Jacob Reinsurance Limited ,Chemical_PORC,,12/30/19,NO,,y,,
PORC110430,Gerard Jacob Reinsurance Limited ,GAP_PORC_A,8468,,YES,,y,,
PORC110430,Gerard Jacob Reinsurance Limited ,VESC_SC-PORC,,10/30/20,NO,,y,,
PORC110430,Gerard Jacob Reinsurance Limited ,Chemical_PORC_A,6757,,YES,Need to clear mapping,y,,
PORC110430,Gerard Jacob Reinsurance Limited ,VESC_SC-PORC_A,6759,,YES,Need to clear mapping,y,,
PORC160201,Gerard Jacob Reinsurance Limited ,Chemical_PORC_A,6975,,YES,Need to clear mapping,y,,
PORC160201,Gerard Jacob Reinsurance Limited ,VESC_SC-PORC_A,6974,,YES,Need to clear mapping,y,,
PORC220401,"Gill Family Reinsurance, Inc. ",EL_PORC_A,8405,,YES,,Y,,
PORC220401,"Gill Family Reinsurance, Inc. ",GAP_PORC_A,8404,,YES,,Y,,
PORC220401,"Gill Family Reinsurance, Inc. ",VESC_CL-PORC_A,8403,,YES,,Y,,
PORC220401,"Gill Family Reinsurance, Inc. ",VESC_PW-PORC_A,8402,,YES,,Y,,
PORC220401,"Gill Family Reinsurance, Inc. ",VESC_SC-PORC_A,8406,,YES,,Y,,
PORC190401,"Gill Reinsurance, Ltd. ",EL_PORC_A,7902,,YES,,y,,
PORC190401,"Gill Reinsurance, Ltd. ",Etch_PORC_A,6932,,YES,,y,,
PORC190401,"Gill Reinsurance, Ltd. ",GAP_PORC_A,6933,,YES,,y,,
PORC190401,"Gill Reinsurance, Ltd. ",VESC_CL-PORC_A,6931,,YES,,y,,
PORC190401,"Gill Reinsurance, Ltd. ",VESC_PC-PORC_A,6934,,YES,,y,,
PORC190401,"Gill Reinsurance, Ltd. ",VESC_PW-PORC_A,8422,,YES,,y,,
PORC190401,"Gill Reinsurance, Ltd. ",VESC_SC-PORC_A,7903,,YES,,y,,
PORC100505,"GJC2007 Reinsurance, Ltd.",GIP_PORC,,-,NO,,Y,,
PORC100505,"GJC2007 Reinsurance, Ltd.",LP_PORC,,-,NO,,Y,,
PORC191102,"Goldshark Reinsurance, Inc. ",VESC_SC-PORC_A,6926,,YES,,y,,
PORC110310,"Graff Satisfaction Reinsurance Co., Ltd.",Etch_PORC_A,,-,NO,,Y,,
PORC110310,"Graff Satisfaction Reinsurance Co., Ltd.",Etch_PORC,,-,NO,,Y,,
PORC110310,"Graff Satisfaction Reinsurance Co., Ltd.",GAP_PORC_A,,-,NO,,Y,,
PORC110310,"Graff Satisfaction Reinsurance Co., Ltd.",GAP_PORC,,-,NO,,Y,,
PORC110310,"Graff Satisfaction Reinsurance Co., Ltd.",GIP_PORC,,-,NO,,Y,,
PORC110310,"Graff Satisfaction Reinsurance Co., Ltd.",LP_PORC,,-,NO,,Y,,
PORC110310,"Graff Satisfaction Reinsurance Co., Ltd.",PPM-PORC_A ,,-,NO,,Y,,
PORC110310,"Graff Satisfaction Reinsurance Co., Ltd.",PPM_PORC,,-,NO,,Y,,
PORC110310,"Graff Satisfaction Reinsurance Co., Ltd.",VESC_SC-PORC_A,,-,NO,,Y,,
PORC110310,"Graff Satisfaction Reinsurance Co., Ltd.",VESC_SC-PORC,,-,NO,,Y,,
PORC110601,"Granite Partners Reinsurance Co., Ltd. ",Chemical_PORC_A,2288,,YES,,Y,,
PORC110601,"Granite Partners Reinsurance Co., Ltd. ",Chemical_PORC,,03/31/20,NO,,Y,,
PORC110601,"Granite Partners Reinsurance Co., Ltd. ",Etch_PORC_A,2290,,YES,,Y,,
PORC110601,"Granite Partners Reinsurance Co., Ltd. ",GAP_PORC_A,2293,,YES,,Y,,
PORC110601,"Granite Partners Reinsurance Co., Ltd. ",GAP_PORC,,12/31/21,NO,,Y,,
PORC110601,"Granite Partners Reinsurance Co., Ltd. ",PPM_PORC,,12/31/21,NO,,Y,,
PORC110601,"Granite Partners Reinsurance Co., Ltd. ",VESC_PC-PORC,,-,NO,,Y,,
PORC110601,"Granite Partners Reinsurance Co., Ltd. ",VESC_SC-PORC,2300,,YES,,Y,,
PORC090604,"Great Western Reinsurance, Ltd. ",GAP_PORC,,-,NO,,N,,
PORC090604,"Great Western Reinsurance, Ltd. ",VESC_SC-PORC,,-,NO,,N,,
PORC170401,"GTR Reinsurance, Ltd. ",GAP_PORC_A,5609,,YES,,y,,
PORC170401,"GTR Reinsurance, Ltd. ",TW_PORC_A,7839,,YES,,y,,
PORC170401,"GTR Reinsurance, Ltd. ",VESC_SC-PORC_A,5557,,YES,,y,,
PORC120102,H & D Reinsurance Limited ,VESC_SC-PORC_A,,12/31/22,NO,,y,,
PORC120102,H & D Reinsurance Limited ,VESC_SC-PORC,,12/31/21,NO,,y,,
PORC120402,"Hill Country Reinsurance Company, Ltd.",GAP_PORC_A,,-,NO,,y,,
PORC120402,"Hill Country Reinsurance Company, Ltd.",GAP_PORC,,-,NO,,y,,
PORC120402,"Hill Country Reinsurance Company, Ltd.",PPM_PORC_A,,-,NO,,y,,* For Annual… Can newer date automatically replace??
PORC120402,"Hill Country Reinsurance Company, Ltd.",PPM_PORC,,-,NO,,y,,
PORC100507,"Honda of Slidell Reinsurance, Ltd.",GIP_PORC,,-,NO,,Y,,
PORC190106,"Humbles Mile High Reinsurance, Ltd. ",Chemical_PORC_A,6947,,YES,,y,,
PORC190106,"Humbles Mile High Reinsurance, Ltd. ",TW_PORC_A,6948,,YES,,y,,
PORC190106,"Humbles Mile High Reinsurance, Ltd. ",VESC_SC-PORC_A,6949,,YES,,y,,
PORC031264,"I.B.R. Reins fka R2K Reinsurance, LTD. ",Equis_SC-PORC,,-,NO,,N,,
PORC060101,I.B.R. Reinsurance Company (AG) ,Equis_SFA,,-,NO,,N,,
PORC060101,I.B.R. Reinsurance Company (AG) ,Xtend_SFA,,05/31/19,NO,,N,,
PORC050505,"Independence Reinsurance Company, Ltd. ",EL_PORC,,-,NO,,Y,,
PORC050505,"Independence Reinsurance Company, Ltd. ",Equis_SC-PORC,,-,NO,,Y,,
PORC050505,"Independence Reinsurance Company, Ltd. ",LP_PORC,2972,,YES,,Y,,
PORC050505,"Independence Reinsurance Company, Ltd. ",PPM_PORC,,-,NO,,Y,,
PORC050505,"Independence Reinsurance Company, Ltd. ",TW_PORC,,-,NO,,Y,,
PORC050505,"Independence Reinsurance Company, Ltd. ",VESC_LW-PORC,,-,NO,,Y,,
PORC050505,"Independence Reinsurance Company, Ltd. ",VESC_SC-PORC,,12/31/21,NO,,Y,,
PORC050505,"Independence Reinsurance Company, Ltd. ",VscRefund_PORC,,10/31/20,NO,,Y,,
PORC110345,"Independence Reinsurance Company, Ltd. ",GAP_PORC_A,5314,,YES,,Y,,
PORC110345,"Independence Reinsurance Company, Ltd. ",LP_PORC_A,2971,,YES,,Y,,
PORC110345,"Independence Reinsurance Company, Ltd. ",LP_PORC,2969,,YES,,Y,,
PORC110345,"Independence Reinsurance Company, Ltd. ",PPM_PORC_A,6674,,YES,,Y,,
PORC110345,"Independence Reinsurance Company, Ltd. ",PPM_PORC,,-,NO,,Y,,
PORC110345,"Independence Reinsurance Company, Ltd. ",VESC_LW-PORC_A,,02/29/20,NO,,Y,,
PORC110345,"Independence Reinsurance Company, Ltd. ",VESC_SC-PORC_A,2982,,YES,,Y,,
PORC110345,"Independence Reinsurance Company, Ltd. ",VESC_SC-PORC,2981,,YES,,Y,,
PORC110345,"Independence Reinsurance Company, Ltd. ",VscRefund_PORC,,02/28/18,NO,,Y,,
PORC120902,"Independence Reinsurance Company, Ltd. ",PPM_SFA_A,,-,NO,,Y,,
PORC120902,"Independence Reinsurance Company, Ltd. ",PPM_SFA,,-,NO,,Y,,
PORC120902,"Independence Reinsurance Company, Ltd. ",VESC_LP-SFA,2970,,YES,,Y,,
PORC120902,"Independence Reinsurance Company, Ltd. (AG) ",PPM_SFA_A,,-,NO,,y,,
PORC120902,"Independence Reinsurance Company, Ltd. (AG) ",PPM_SFA,,-,NO,,y,,
PORC120902,"Independence Reinsurance Company, Ltd. (AG) ",VESC_LP-SFA,2970,,YES,,y,,
PORC200110,Ishmael Reinsurance Limited ,VESC_HT-PORC_A,8628,,YES,,y,,
PORC200110,Ishmael Reinsurance Limited ,VESC_KR-PORC_A,8627,,YES,,y,,
PORC200110,Ishmael Reinsurance Limited ,Chemical_PORC_A,7882,,YES,,y,,
PORC200110,Ishmael Reinsurance Limited ,VESC_CL-PORC_A,7883,,YES,,y,,
PORC200110,Ishmael Reinsurance Limited ,VESC_PC-PORC_A,7885,,YES,,y,,
PORC200110,Ishmael Reinsurance Limited ,VESC_PW-PORC_A,8554,,YES,,y,,
PORC200110,Ishmael Reinsurance Limited ,VESC_SC-PORC_A,7886,,YES,,y,,
PORC100504,"Jayhawk Reinsurance, Ltd.",GAP_PORC,,-,NO,,Y,,
PORC100504,"Jayhawk Reinsurance, Ltd.",GIP_PORC,,-,NO,,Y,,
PORC100504,"Jayhawk Reinsurance, Ltd.",LP_PORC,,-,NO,,Y,,
PORC100504,"Jayhawk Reinsurance, Ltd.",PPM_PORC,,-,NO,,Y,,
PORC100504,"Jayhawk Reinsurance, Ltd.",VscRefund_PORC,,-,NO,,Y,,
PORC150705,"JBBMEB Reinsurance, Ltd. ",GAP_PORC_A,,-,NO,,y,,
PORC110372,"JBC Reinsurance, Ltd. ",GAP_PORC_A,2987,,YES,,y,,
PORC110372,"JBC Reinsurance, Ltd. ",VESC_LW-PORC_A,,12/30/18,NO,,y,,
PORC110372,"JBC Reinsurance, Ltd. ",VESC_SC-PORC_A,2990,,YES,,y,,
PORC110372,"JBC Reinsurance, Ltd. ",VESC_SC-PORC,2989,,YES,,y,,
PORC170305,JCW McGhee Reinsurance Ltd. ,GAP_PORC_A,,-,NO,,y,,
PORC170102,"JD1 Reinsurance, Ltd. ",Chemical_PORC_A,5566,,YES,,y,,
PORC170102,"JD1 Reinsurance, Ltd. ",GAP_PORC_A,4760,,YES,,y,,
PORC170102,"JD1 Reinsurance, Ltd. ",LP_PORC_A,4764,,YES,,y,,
PORC170102,"JD1 Reinsurance, Ltd. ",PPM-PORC_A,5569,,YES,,y,,
PORC170102,"JD1 Reinsurance, Ltd. ",VESC_CL-PORC_A,6383,,YES,,y,,
PORC170102,"JD1 Reinsurance, Ltd. ",VESC_KR-PORC_A,5567,,YES,,y,,
PORC170102,"JD1 Reinsurance, Ltd. ",VESC_LD-PORC_A,5568,,YES,,y,,
PORC170102,"JD1 Reinsurance, Ltd. ",VESC_PC-PORC_A,5570,,YES,,y,,
PORC170102,"JD1 Reinsurance, Ltd. ",VESC_SC-PORC_A,4759,,YES,,y,,
PORC070309,"JGJGTG Reinsurance, Ltd. ",DIM_PORC,,-,NO,,Y,,
PORC070309,"JGJGTG Reinsurance, Ltd. ",VESC_SC-PORC,,-,NO,,Y,,
PORC110112,"JGJGTG Reinsurance, Ltd. ",Chemical_PORC_A,3374,,YES,,Y,,
PORC110112,"JGJGTG Reinsurance, Ltd. ",Chemical_PORC,,-,NO,,Y,,
PORC110112,"JGJGTG Reinsurance, Ltd. ",EL_PORC_A,,-,NO,,Y,,
PORC110112,"JGJGTG Reinsurance, Ltd. ",GAP_PORC_A,3376,,YES,,Y,,
PORC110112,"JGJGTG Reinsurance, Ltd. ",GAP_PORC,,-,NO,,Y,,
PORC110112,"JGJGTG Reinsurance, Ltd. ",LP_PORC_A,3378,,YES,,Y,,
PORC110112,"JGJGTG Reinsurance, Ltd. ",PPM_PORC_A,3380,,YES,,Y,,
PORC110112,"JGJGTG Reinsurance, Ltd. ",VESC_CL-PORC_A,6647,,YES,,Y,,
PORC110112,"JGJGTG Reinsurance, Ltd. ",VESC_KR-PORC_A,3377,,YES,,Y,,
PORC110112,"JGJGTG Reinsurance, Ltd. ",VESC_PC-PORC_A,3381,,YES,,Y,,
PORC110112,"JGJGTG Reinsurance, Ltd. ",VESC_SC-PORC_A,3383,,YES,,Y,,
PORC110112,"JGJGTG Reinsurance, Ltd. ",VESC_SC-PORC,3382,,YES,,Y,,
PORC031236,Jill A. Green Reinsurance Co. LTD ,Equis_SC-PORC,,-,NO,,Y,,
PORC190707,"JLT Operating Reinsurance, Ltd. ",GAP_PORC_A,,-,NO,,y,,Equation included in Product Mapping
PORC190707,"JLT Operating Reinsurance, Ltd. ",VESC_SC-PORC_A,,-,NO,,y,,Equation included in Product Mapping
PORC160202,"JMBROK Reinsurance, Ltd. ",GAP_PORC_A,,-,NO,,y,,
PORC131203,"JMG Reinsurance, Ltd. ",LP_PORC_A,2710,,YES,,y,,
PORC131203,"JMG Reinsurance, Ltd. ",LP_PORC,2709,,YES,,y,,
PORC131203,"JMG Reinsurance, Ltd. ",VESC_LW-PORC_A,2711,,YES,,y,,
PORC140810,"JoseeRIC Reinsurance, Ltd. ",Chemical_PORC_A,,12/31/21,NO,,y,,
PORC140810,"JoseeRIC Reinsurance, Ltd. ",GAP_PORC_A,,12/31/21,NO,,y,,
PORC140810,"JoseeRIC Reinsurance, Ltd. ",PPM_PORC_A,,08/31/19,NO,,y,,
PORC110312,"Jupiter Employee Reinsurance Co., Ltd.",VESC_SC-PORC_A,,-,NO,,Y,,
PORC110312,"Jupiter Employee Reinsurance Co., Ltd.",VESC_SC-PORC,,-,NO,,Y,,
PORC190503,"K. Peters Reinsurance, Ltd. ",GAP_PORC,,-,NO,,y,,
PORC190503,"K. Peters Reinsurance, Ltd. ",PPM-PORC_A,,-,NO,,y,,
PORC190503,"K. Peters Reinsurance, Ltd. ",GAP_PORC_A,,-,NO,,y,,
PORC190503,"K. Peters Reinsurance, Ltd. ",PPM_PORC_A,,-,NO,,y,,
PORC190503,"K. Peters Reinsurance, Ltd. ",VESC_SC-PORC_A,,-,NO,,y,,
PORC110416,"Katrina Reinsurance Co., Ltd.",GAP_PORC_A,,-,NO,,y,,
PORC110416,"Katrina Reinsurance Co., Ltd.",GAP_PORC,,-,NO,,y,,Equation included in Product Mapping
PORC110416,"Katrina Reinsurance Co., Ltd.",GIP_PORC,,-,NO,,y,,
PORC110416,"Katrina Reinsurance Co., Ltd.",PPM_PORC_A,,-,NO,,y,,
PORC110416,"Katrina Reinsurance Co., Ltd.",PPM_PORC,,-,NO,,y,,
PORC061003,"Katrina Reinsurance Co., Ltd. ",GAP_PORC,,-,NO,,Y,,
PORC061003,"Katrina Reinsurance Co., Ltd. ",GIP_PORC,,-,NO,,Y,,
PORC061003,"Katrina Reinsurance Co., Ltd. ",LP_PORC,,-,NO,,Y,,
PORC061003,"Katrina Reinsurance Co., Ltd. ",PPM_PORC,,-,NO,,Y,,
PORC061003,"Katrina Reinsurance Co., Ltd. ",VscRefund_PORC,,-,NO,,Y,,
PORC100509,"KCMB Reinsurance, Ltd.",Equis_SC-PORC,,-,NO,,Y,,
PORC100509,"KCMB Reinsurance, Ltd.",Etch_PORC,,-,NO,,Y,,
PORC100509,"KCMB Reinsurance, Ltd.",GIP_PORC,,-,NO,,Y,,
PORC100509,"KCMB Reinsurance, Ltd.",PPM_PORC,,-,NO,,Y,,
PORC100509,"KCMB Reinsurance, Ltd.",VESC_LW-PORC,,-,NO,,Y,,
PORC100509,"KCMB Reinsurance, Ltd.",VESC_SC-PORC,,-,NO,,Y,,
PORC171201,"Keith White Reinsurance, Ltd. ",Chemical_PORC_A,6364,,YES,,y,,
PORC171201,"Keith White Reinsurance, Ltd. ",LP_PORC_A,6363,,YES,,y,,
PORC171201,"Keith White Reinsurance, Ltd. ",VESC_PW-PORC_A,8555,,YES,,y,,
PORC110202,KWK Reinsurance Limited,Chemical_PORC_A,3403,,YES,,Y,,
PORC110202,KWK Reinsurance Limited,Chemical_PORC,3402,,YES,,Y,,
PORC110202,KWK Reinsurance Limited,EL_PORC_A,,-,NO,,Y,,
PORC110202,KWK Reinsurance Limited,Etch_PORC_A,,-,NO,,Y,,
PORC110202,KWK Reinsurance Limited,Etch_PORC,,-,NO,,Y,,
PORC110202,KWK Reinsurance Limited,GAP_PORC_A,3407,,YES,,Y,,
PORC110202,KWK Reinsurance Limited,GAP_PORC,3406,,YES,,Y,,
PORC110202,KWK Reinsurance Limited,LP_PORC_A,6405,,YES,,Y,,
PORC110202,KWK Reinsurance Limited,PPM_PORC_A,,12/31/22,NO,,Y,,
PORC110202,KWK Reinsurance Limited,VESC_LW-PORC_A,,-,NO,,Y,,
PORC110202,KWK Reinsurance Limited,VESC_LW-PORC,,-,NO,,Y,,
PORC110202,KWK Reinsurance Limited,VESC_SC-PORC_A,3413,,YES,,Y,,
PORC110202,KWK Reinsurance Limited,VESC_SC-PORC,3412,,YES,,Y,,
PORC040205,KWK Reinsurance Limited ,DIM_PORC,,-,NO,,Y,,
PORC040205,KWK Reinsurance Limited ,VESC_SC-PORC,3414,,YES,,Y,,* For Annual… Can newer date automatically replace??
PORC110348,"Labrit Services Reinsurance, Ltd.",Chemical_PORC_A,,12/31/21,NO,,y,,
PORC110348,"Labrit Services Reinsurance, Ltd.",Chemical_PORC,,-,NO,,y,,
PORC110348,"Labrit Services Reinsurance, Ltd.",Etch_PORC_A,,12/31/21,NO,,y,,
PORC110348,"Labrit Services Reinsurance, Ltd.",GAP_PORC_A,4202,,YES,,y,,
PORC110348,"Labrit Services Reinsurance, Ltd.",GAP_PORC,4201,,YES,,y,,
PORC110348,"Labrit Services Reinsurance, Ltd.",LP_PORC_A,4205,,YES,,y,,
PORC110348,"Labrit Services Reinsurance, Ltd.",LP_PORC,4204,,YES,,y,,
PORC110348,"Labrit Services Reinsurance, Ltd.",PPM_PORC_A,,12/31/21,NO,,y,,
PORC110348,"Labrit Services Reinsurance, Ltd.",PPM_PORC,,-,NO,,y,,
PORC110348,"Labrit Services Reinsurance, Ltd.",VESC_PC-PORC_A,,12/31/21,NO,,y,,
PORC110348,"Labrit Services Reinsurance, Ltd.",VESC_PC-PORC,,12/31/19,NO,,y,,
PORC110348,"Labrit Services Reinsurance, Ltd.",VESC_SC-PORC_A,4213,,YES,,y,,
PORC110348,"Labrit Services Reinsurance, Ltd.",VESC_SC-PORC,,12/31/21,NO,,y,,
PORC091101,"Labrit Services Reinsurance, Ltd. ",Chemical_PORC,,-,NO,,Y,,
PORC091101,"Labrit Services Reinsurance, Ltd. ",GAP_PORC,,05/31/19,NO,,Y,,
PORC091101,"Labrit Services Reinsurance, Ltd. ",LP_PORC,4206,,YES,,Y,,
PORC091101,"Labrit Services Reinsurance, Ltd. ",PPM_PORC,,-,NO,,Y,,
PORC091101,"Labrit Services Reinsurance, Ltd. ",VESC_SC-PORC,4214,,YES,,Y,,* Get 2021 statements
PORC111005,"Laria Management Reinsurance, Ltd. ",VESC_SC-PORC_A,3242,,YES,,N,,
PORC111005,"Laria Management Reinsurance, Ltd. ",VESC_SC-PORC,,12/31/21,NO,,N,,
PORC190705,"Laurel Automotive Reinsurance II, Ltd. ",EL_PORC_A,8541,,YES,,y,,
PORC190705,"Laurel Automotive Reinsurance II, Ltd. ",LP_PORC_A,6840,,YES,,y,,
PORC190705,"Laurel Automotive Reinsurance II, Ltd. ",VESC_SC-PORC_A,6841,,YES,,y,,
PORC120109,"Laurel Automotive Reinsurance, Ltd. ",LP_PORC_A,3244,,YES,,y,,
PORC120109,"Laurel Automotive Reinsurance, Ltd. ",LP_PORC,3243,,YES,,y,,
PORC120109,"Laurel Automotive Reinsurance, Ltd. ",PPM-PORC_A,,12/31/22,NO,,y,,
PORC120109,"Laurel Automotive Reinsurance, Ltd. ",PPM_PORC,,-,NO,,y,,
PORC120109,"Laurel Automotive Reinsurance, Ltd. ",VESC_LW-PORC_A,,-,NO,,y,,
PORC120109,"Laurel Automotive Reinsurance, Ltd. ",VESC_SC-PORC_A,3249,,YES,,y,,
PORC120109,"Laurel Automotive Reinsurance, Ltd. ",VESC_SC-PORC,3248,,YES,,y,,
PORC140804,"LeoneRIC Reinsurance, Ltd. ",Chemical_PORC_A,,-,NO,,y,,
PORC140804,"LeoneRIC Reinsurance, Ltd. ",Etch_PORC_A,,-,NO,,y,,
PORC140804,"LeoneRIC Reinsurance, Ltd. ",GAP_PORC_A,,-,NO,,y,,
PORC140804,"LeoneRIC Reinsurance, Ltd. ",GAP_PORC,,-,NO,,y,,
PORC140804,"LeoneRIC Reinsurance, Ltd. ",PPM_PORC_A,,-,NO,,y,,
PORC110349,"Light Brothers Reinsurance Company, Ltd.",Etch_PORC_A,,-,NO,,y,,
PORC110349,"Light Brothers Reinsurance Company, Ltd.",Etch_PORC,,-,NO,,y,,
PORC110349,"Light Brothers Reinsurance Company, Ltd.",VESC_SC-PORC_A,,-,NO,,y,,
PORC110349,"Light Brothers Reinsurance Company, Ltd.",VESC_SC-PORC,,-,NO,,y,,
PORC040211,"Linden Reinsurance, Ltd. ",DIM_PORC,,01/31/18,NO,,Y,,
PORC040211,"Linden Reinsurance, Ltd. ",PPM_PORC,,-,NO,,Y,,
PORC040211,"Linden Reinsurance, Ltd. ",VESC_LW-PORC,,-,NO,,Y,,
PORC040211,"Linden Reinsurance, Ltd. ",VESC_SC-PORC,3429,,YES,,Y,,
PORC110144,"Linden Reinsurance, Ltd. ",VESC_CL-PORC_A,8635,,YES,,Y,,
PORC110144,"Linden Reinsurance, Ltd. ",VESC_HT-PORC_A,8643,,YES,,Y,,
PORC110144,"Linden Reinsurance, Ltd. ",Chemical_PORC_A,4507,,YES,,Y,,
PORC110144,"Linden Reinsurance, Ltd. ",Etch_PORC_A,3419,,YES,,Y,,
PORC110144,"Linden Reinsurance, Ltd. ",LP_PORC_A,3421,,YES,,Y,,
PORC110144,"Linden Reinsurance, Ltd. ",PPM-PORC_A,3425,,YES,,Y,,
PORC110144,"Linden Reinsurance, Ltd. ",PPM_PORC,,12/01/18,NO,,Y,,
PORC110144,"Linden Reinsurance, Ltd. ",VESC_KR-PORC_A,3420,,YES,,Y,,
PORC110144,"Linden Reinsurance, Ltd. ",VESC_LD-PORC_A,5295,,YES,,Y,,
PORC110144,"Linden Reinsurance, Ltd. ",VESC_LW-PORC,,-,NO,,Y,,
PORC110144,"Linden Reinsurance, Ltd. ",VESC_PW-PORC_A,8556,,YES,,Y,,
PORC110144,"Linden Reinsurance, Ltd. ",VESC_SC-PORC_A,3428,,YES,,Y,,
PORC110144,"Linden Reinsurance, Ltd. ",VESC_SC-PORC,3427,,YES,,Y,,
PORC110205,"Lion Crusader fka Dukes 69-70 Reinsurance, Ltd. ",LP_PORC_A,7900,,YES,CHECK VS PORC200404,Y,,
PORC110205,"Lion Crusader fka Dukes 69-70 Reinsurance, Ltd. ",LP_PORC,7901,,YES,CHECK VS PORC200404,Y,,
PORC110205,"Lion Crusader fka Dukes 69-70 Reinsurance, Ltd. ",PPM-PORC_A,7899,,YES,CHECK VS PORC200404,Y,,
PORC110205,"Lion Crusader fka Dukes 69-70 Reinsurance, Ltd. ",VESC_SC-PORC_A,7987,,YES,CHECK VS PORC200404,Y,,
PORC110205,"Lion Crusader fka Dukes 69-70 Reinsurance, Ltd. ",VESC_SC-PORC,,12/30/22,NO,,Y,,
PORC200404,"Lion Crusader Reinsurance, Inc. ",LP_PORC_A,7900,,YES,CHECK VS PORC110205,y,,
PORC200404,"Lion Crusader Reinsurance, Inc. ",LP_PORC,7901,,YES,CHECK VS PORC110205,y,,
PORC200404,"Lion Crusader Reinsurance, Inc. ",PPM-PORC_A,7899,,YES,CHECK VS PORC110205,y,,
PORC200404,"Lion Crusader Reinsurance, Inc. ",VESC_SC-PORC_A,7897,,YES,CHECK VS PORC110205,y,,
PORC200404,"Lion Crusader Reinsurance, Inc. ",VESC_SC-PORC,,12/30/22,NO,,y,,
PORC200404,"Lion Crusader Reinsurance, Inc. ",LP_PORC_A,7241,,YES,,y,,
PORC200404,"Lion Crusader Reinsurance, Inc. ",VESC_SC-PORC_A,7242,,YES,,y,,
PORC170901,"LMMS Reinsurance, Ltd. ",VESC_SC-PORC_A,,-,NO,,y,,
PORC170901,"LMMS Reinsurance, Ltd. ",VESC_SC-PORC_P,,-,NO,,y,,
PORC210103,"Long Lake Reinsurance, Ltd. ",VESC_SC-PORC_A,7686,,YES,,y,,
PORC141202,"LPF Reinsurance, Ltd. ",GAP_PORC_A,,-,NO,,y,,
PORC141202,"LPF Reinsurance, Ltd. ",VESC_SC-PORC_A,,-,NO,,y,,
PORC190701,"Lucky 7 Reinsurance, Ltd. ",Etch_PORC_A,8655,,YES,,y,,
PORC201202,"M Hegney Investments Reinsurance, Ltd. ",PPM_PORC_A,,-,NO,,y,,
PORC201202,"M Hegney Investments Reinsurance, Ltd. ",VESC_SC-PORC_A,,-,NO,,y,,
PORC190104,"M. Peters Reinsurance, Ltd. ",GAP_PORC,,-,NO,,y,,
PORC190104,"M. Peters Reinsurance, Ltd. ",PPM-PORC_A,,-,NO,,y,,
PORC190104,"M. Peters Reinsurance, Ltd. ",GAP_PORC_A,,-,NO,,y,,
PORC190104,"M. Peters Reinsurance, Ltd. ",PPM_PORC_A,,-,NO,,y,,
PORC190104,"M. Peters Reinsurance, Ltd. ",VESC_SC-PORC_A,,-,NO,,y,,
PORC211209,"M2D2 Reinsurance, Inc.",VESC_SC-PORC_P,8118,,YES,,y,,Equation included in Product Mapping
PORC040208,"MaCast Reinsurance, Ltd.",DIM_PORC,,-,NO,,Y,,
PORC040208,"MaCast Reinsurance, Ltd.",VESC_SC-PORC,,12/31/21,NO,,Y,,
PORC110106,"MaCast Reinsurance, Ltd. ",GAP_PORC_A,3433,,YES,,Y,,
PORC110106,"MaCast Reinsurance, Ltd. ",GAP_PORC,,12/30/22,NO,,Y,,
PORC110106,"MaCast Reinsurance, Ltd. ",LP_PORC_A,3436,,YES,,Y,,
PORC110106,"MaCast Reinsurance, Ltd. ",LP_PORC,3435,,YES,,Y,,
PORC110106,"MaCast Reinsurance, Ltd. ",PPM_PORC_A,,12/31/21,NO,,Y,,
PORC110106,"MaCast Reinsurance, Ltd. ",VESC_KR-PORC_A,3434,,YES,,Y,,
PORC110106,"MaCast Reinsurance, Ltd. ",VESC_PW-PORC_A,8240,,YES,,Y,,
PORC110106,"MaCast Reinsurance, Ltd. ",EL_PORC_A,7547,,YES,Need to clear mapping,Y,,mappings need to be reset
PORC110106,"MaCast Reinsurance, Ltd. ",VESC_CL-PORC_A,5288,,YES,Need to clear mapping,Y,,mappings need to be reset
PORC110106,"MaCast Reinsurance, Ltd. ",VESC_PC-PORC_A,4506,,YES,Need to clear mapping,Y,,mappings need to be reset
PORC110106,"MaCast Reinsurance, Ltd. ",VESC_SC-PORC_A,3439,,YES,Need to clear mapping,Y,,mappings need to be reset
PORC110106,"MaCast Reinsurance, Ltd. ",VESC_SC-PORC,3440,,YES,Need to clear mapping,Y,,mappings need to be reset
PORC190402,"MACKEN Reinsurance, Ltd. ",VESC_HT-PORC_A,8594,,YES,,y,,
PORC190402,"MACKEN Reinsurance, Ltd. ",Chemical_PORC_A,6913,,YES,,y,,
PORC190402,"MACKEN Reinsurance, Ltd. ",GAP_PORC_A,6915,,YES,,y,,
PORC190402,"MACKEN Reinsurance, Ltd. ",LP_PORC_A,6908,,YES,,y,,
PORC190402,"MACKEN Reinsurance, Ltd. ",PPM-PORC_A,6914,,YES,,y,,
PORC190402,"MACKEN Reinsurance, Ltd. ",VESC_LD-PORC_A,,04/30/22,NO,,y,,
PORC190402,"MACKEN Reinsurance, Ltd. ",VESC_LW-PORC_A,6910,,YES,,y,,
PORC190402,"MACKEN Reinsurance, Ltd. ",VESC_PC-PORC_A,6911,,YES,,y,,
PORC190402,"MACKEN Reinsurance, Ltd. ",VESC_PC-PORC_A,6997,,YES,,y,,
PORC190402,"MACKEN Reinsurance, Ltd. ",VESC_PW-PORC_A,8559,,YES,,y,,
PORC190402,"MACKEN Reinsurance, Ltd. ",VESC_SC-PORC_A,6912,,YES,,y,,
PORC190901,"Mark Reinsurance, Ltd. ",GAP_PORC_A,,-,NO,,y,,
PORC130904,MASTER REINSURANCE LIMITED ,GAP_PORC_A,,-,NO,,y,,
PORC130904,MASTER REINSURANCE LIMITED ,PPM_PORC_A,,-,NO,,y,,
PORC130904,MASTER REINSURANCE LIMITED ,PPM_PORC,,-,NO,,y,,
PORC130904,MASTER REINSURANCE LIMITED ,VESC_SC-PORC_A,,-,NO,,y,,
PORC130904,MASTER REINSURANCE LIMITED ,VESC_SC-PORC,,-,NO,,y,,
PORC110126,"MCAS I Reinsurance, Ltd. ",VESC_CL-PORC_A,8592,,YES,,Y,,
PORC110126,"MCAS I Reinsurance, Ltd. ",VESC_SC-PORC_A,3448,,YES,,Y,,
PORC110126,"MCAS I Reinsurance, Ltd. ",VESC_SC-PORC,," 	12/2022",NO,,Y,,
PORC161001,"McCluskey Family Reinsurance, Ltd. ",MC Chemical_PORC_A,,12/31/22,NO,,y,,Equation included in Product Mapping
PORC161001,"McCluskey Family Reinsurance, Ltd. ",MC Etch_PORC_A,,-,NO,,y,,* For Annual… Can newer date automatically replace??
PORC161001,"McCluskey Family Reinsurance, Ltd. ",MC Etch_PORC,,-,NO,,y,,
PORC161001,"McCluskey Family Reinsurance, Ltd. ",MC GAP_PORC_A,,12/31/22,NO,,y,,Equation included in Product Mapping
PORC161001,"McCluskey Family Reinsurance, Ltd. ",MC GAP_PORC,,12/31/22,NO,,y,,Equation included in Product Mapping
PORC161001,"McCluskey Family Reinsurance, Ltd. ",MC LP_PORC,7088,,YES,,y,,
PORC161001,"McCluskey Family Reinsurance, Ltd. ",MC VESC_SC-PORC,7092,,YES,,y,,
PORC161001,"McCluskey Family Reinsurance, Ltd. ",GAP_PORC_A,,12/31/22,NO,,y,,
PORC161001,"McCluskey Family Reinsurance, Ltd. ",MC LP_PORC_A,5169,,YES,Need to clear mapping,y,,
PORC161001,"McCluskey Family Reinsurance, Ltd. ",MC VESC_SC-PORC_A,5170,,YES,Need to clear mapping,y,,
PORC161001,"McCluskey Family Reinsurance, Ltd. ",LP_PORC_A,7089,,YES,Need to clear mapping,y,,
PORC161001,"McCluskey Family Reinsurance, Ltd. ",VESC_SC-PORC_A,7091,,YES,Need to clear mapping,y,,
PORC050602,"MDK Reinsurance, Ltd. ",Equis_SC-PORC,,-,NO,,Y,,
PORC050602,"MDK Reinsurance, Ltd. ",Etch_PORC,,-,NO,,Y,,
PORC050602,"MDK Reinsurance, Ltd. ",GIP_PORC,,-,NO,,Y,,
PORC050602,"MDK Reinsurance, Ltd. ",VESC_LW-PORC,,-,NO,,Y,,
PORC050602,"MDK Reinsurance, Ltd. ",VESC_SC-PORC,,-,NO,,Y,,
PORC210309,"Meridian Reinsurance, Ltd. ",VESC_KR-PORC_A,8626,,YES,,y,,
PORC210309,"Meridian Reinsurance, Ltd. ",EL_PORC_A,7965,,YES,,y,,
PORC210309,"Meridian Reinsurance, Ltd. ",VESC_PW-PORC_A,8560,,YES,,y,,
PORC210309,"Meridian Reinsurance, Ltd. ",VESC_SC-PORC_A,7960,,YES,,y,,
PORC110351,"MERREM II Reinsurance, Ltd.",LP_PORC_A,3253,,YES,,y,,
PORC110351,"MERREM II Reinsurance, Ltd.",LP_PORC,3252,,YES,,y,,
PORC110351,"MERREM II Reinsurance, Ltd.",VESC_SC-PORC_A,3256,,YES,,y,,
PORC110351,"MERREM II Reinsurance, Ltd.",VESC_SC-PORC,,10/31/22,NO,,y,,
PORC090731,"MERREM II Reinsurance, Ltd. ",Equis_SC-PORC,,-,NO,,Y,,
PORC090731,"MERREM II Reinsurance, Ltd. ",LP_PORC,3254,,YES,,Y,,
PORC090731,"MERREM II Reinsurance, Ltd. ",VESC_SC-PORC,,12/31/19,NO,,Y,,
PORC050708,"MERREM Reinsurance Co., Ltd ",Equis_SC-PORC,,-,NO,,N,,
PORC031246,"MGB Reinsurance, LTD. ",Equis_SC-PORC,,-,NO,,Y,,
PORC190601,"Mid-Illini Reinsurance, Ltd. ",PPM-PORC_A,6917,,YES,,y,,
PORC190601,"Mid-Illini Reinsurance, Ltd. ",VESC_CL-PORC_A,6918,,YES,,y,,
PORC190601,"Mid-Illini Reinsurance, Ltd. ",VESC_LW-PORC_A,6919,,YES,,y,,
PORC190601,"Mid-Illini Reinsurance, Ltd. ",VESC_SC-PORC_A,6916,,YES,,y,,
PORC151101,Midwest Auto Store Reinsurance Limited ,VESC_PC-PORC_A,8612,,YES,,y,,
PORC151101,Midwest Auto Store Reinsurance Limited ,VESC_PR-PORC_A,8613,,YES,,y,,
PORC151101,Midwest Auto Store Reinsurance Limited ,Chemical_PORC_A,2228,,YES,,y,,
PORC151101,Midwest Auto Store Reinsurance Limited ,Etch_PORC_A,,11/30/22,NO,,y,,
PORC151101,Midwest Auto Store Reinsurance Limited ,GAP_PORC_A,4527,,YES,,y,,
PORC151101,Midwest Auto Store Reinsurance Limited ,LP_PORC_A,2229,,YES,,y,,
PORC151101,Midwest Auto Store Reinsurance Limited ,PPM-PORC_A,5290,,YES,,y,,
PORC151101,Midwest Auto Store Reinsurance Limited ,VESC_CL-PORC_A,8163,,YES,,y,,
PORC151101,Midwest Auto Store Reinsurance Limited ,VESC_KR-PORC_A,,05/31/22,NO,,y,,
PORC151101,Midwest Auto Store Reinsurance Limited ,VESC_LW-PORC_A,,12/31/19,NO,,y,,Equation included in Product Mapping
PORC151101,Midwest Auto Store Reinsurance Limited ,VESC_SC-PORC_A,2231,,YES,,y,,Equation included in Product Mapping
PORC061002,"Mile High Reinsurance Co., Ltd. ",GAP_PORC,,-,NO,,Y,,
PORC061002,"Mile High Reinsurance Co., Ltd. ",GIP_PORC,,-,NO,,Y,,
PORC061002,"Mile High Reinsurance Co., Ltd. ",LP_PORC,,-,NO,,Y,,
PORC061002,"Mile High Reinsurance Co., Ltd. ",PPM_PORC,,-,NO,,Y,,
PORC061002,"Mile High Reinsurance Co., Ltd. ",VscRefund_PORC,,-,NO,,Y,,
PORC141203,"MIW Reinsurance fka MARKIT2ME Reinsurance, Ltd. ",Chemical_PORC_A,7462,,YES,,y,,
PORC141203,"MIW Reinsurance fka MARKIT2ME Reinsurance, Ltd. ",GAP_PORC_A,7460,,YES,,y,,
PORC141203,"MIW Reinsurance fka MARKIT2ME Reinsurance, Ltd. ",LP_PORC_A,7461,,YES,,y,,
PORC141203,"MIW Reinsurance fka MARKIT2ME Reinsurance, Ltd. ",VESC_CL-PORC_A,7457,,YES,,y,,
PORC141203,"MIW Reinsurance fka MARKIT2ME Reinsurance, Ltd. ",VESC_KR-PORC_A,7463,,YES,,y,,
PORC141203,"MIW Reinsurance fka MARKIT2ME Reinsurance, Ltd. ",VESC_PC-PORC_A,7458,,YES,,y,,
PORC141203,"MIW Reinsurance fka MARKIT2ME Reinsurance, Ltd. ",VESC_SC-PORC_A,7459,,YES,,y,,
PORC110135,"MIW Reinsurance, Ltd. ",GAP_PORC_A,7417,,YES,,Y,,
PORC110135,"MIW Reinsurance, Ltd. ",GAP_PORC,,12/30/22,NO,,Y,,
PORC110135,"MIW Reinsurance, Ltd. ",PPM_PORC,,-,NO,,Y,,
PORC110135,"MIW Reinsurance, Ltd. ",VESC_SC-PORC_A,3452,,YES,,Y,,
PORC110135,"MIW Reinsurance, Ltd. ",VESC_SC-PORC,3451,,YES,,Y,,
PORC170701,"MKM Reinsurance, Ltd. ",Chemical_PORC_A,6989,,YES,,y,,
PORC170701,"MKM Reinsurance, Ltd. ",LP_PORC_A,5711,,YES,,y,,
PORC170701,"MKM Reinsurance, Ltd. ",VESC_SC-PORC_A,5712,,YES,,y,,Equation included in Product Mapping
PORC020204,MKMA Reinsurance,Equis_SC-PORC,,-,NO,,Y,,
PORC020204,MKMA Reinsurance,Etch_PORC,,-,NO,,Y,,
PORC020204,MKMA Reinsurance,GIP_PORC,,-,NO,,Y,,
PORC020204,MKMA Reinsurance,LP_PORC,,-,NO,,Y,,
PORC020204,MKMA Reinsurance,PPM_PORC,,-,NO,,Y,,
PORC020204,MKMA Reinsurance,VESC_LW-PORC,,-,NO,,Y,,
PORC020204,MKMA Reinsurance,VESC_SC-PORC,,-,NO,,Y,,
PORC220804,"Murphy RV Reinsurance, Inc. ",Chemical_PORC_A,8348,,YES,,Y,,
PORC220804,"Murphy RV Reinsurance, Inc. ",VESC_SC-PORC_P,8349,,YES,,Y,,
PORC190502,"NAJ Reinsurance, Ltd.",Chemical_PORC_A,6925,,YES,,y,,
PORC190502,"NAJ Reinsurance, Ltd.",LP_PORC_A,6924,,YES,,y,,
PORC190502,"NAJ Reinsurance, Ltd.",PPM-PORC_A,7240,,YES,,y,,
PORC190502,"NAJ Reinsurance, Ltd.",VESC_CL-PORC_A,6923,,YES,,y,,
PORC190502,"NAJ Reinsurance, Ltd.",VESC_KR-PORC_A,6922,,YES,,y,,
PORC190502,"NAJ Reinsurance, Ltd.",VESC_PC-PORC_A,6921,,YES,,y,,
PORC190502,"NAJ Reinsurance, Ltd.",VESC_SC-PORC_A,6920,,YES,,y,,
PORC141201,"NFC Reinsurance, Ltd. ",GAP_PORC_A,2991,,YES,,y,,
PORC141201,"NFC Reinsurance, Ltd. ",LP_PORC_A,2992,,YES,,y,,
PORC141201,"NFC Reinsurance, Ltd. ",PPM-PORC_A,4570,,YES,,y,,
PORC141201,"NFC Reinsurance, Ltd. ",VESC_LW-PORC_A,2993,,YES,,y,,
PORC141201,"NFC Reinsurance, Ltd. ",VESC_SC-PORC_A,2994,,YES,,y,,
PORC050803,"NickJen Reinsurance Co., Ltd. ",EL_PORC,,-,NO,,Y,,
PORC050803,"NickJen Reinsurance Co., Ltd. ",Etch_PORC,,12/31/18,NO,,Y,,
PORC050803,"NickJen Reinsurance Co., Ltd. ",PPM_PORC,,-,NO,,Y,,
PORC050803,"NickJen Reinsurance Co., Ltd. ",VESC_LW-PORC,,-,NO,,Y,,
PORC050803,"NickJen Reinsurance Co., Ltd. ",VESC_PC-PORC,,-,NO,,Y,,
PORC050803,"NickJen Reinsurance Co., Ltd. ",VESC_SC-PORC,,-,NO,,Y,,
PORC050803,"NickJen Reinsurance Co., Ltd. ",VscRefund_PORC,,10/31/19,NO,,Y,,
PORC050803,"NickJen Reinsurance Co., Ltd. ",Xtend_PORC,,-,NO,,Y,,
PORC110508,"NickJen Reinsurance Co., Ltd. ",Chemical_PORC_A,,-,NO,,Y,,
PORC110508,"NickJen Reinsurance Co., Ltd. ",Chemical_PORC,,-,NO,,Y,,
PORC110508,"NickJen Reinsurance Co., Ltd. ",Etch_PORC,,-,NO,,Y,,
PORC110508,"NickJen Reinsurance Co., Ltd. ",PPM_PORC_A,,-,NO,,Y,,
PORC110508,"NickJen Reinsurance Co., Ltd. ",PPM_PORC,,-,NO,,Y,,
PORC110508,"NickJen Reinsurance Co., Ltd. ",VESC_LW-PORC_A,,-,NO,,Y,,
PORC110508,"NickJen Reinsurance Co., Ltd. ",VESC_PC-PORC,,-,NO,,Y,,
PORC050803,"NickJen Reinsurance Co., Ltd. ",LP_PORC,8609,,YES,Need to clear mapping,Y,,
PORC110508,"NickJen Reinsurance Co., Ltd. ",LP_PORC_A,8608,,YES,Need to clear mapping,Y,,
PORC110508,"NickJen Reinsurance Co., Ltd. ",LP_PORC,8607,,YES,Need to clear mapping,Y,,
PORC110508,"NickJen Reinsurance Co., Ltd. ",VESC_SC-PORC_A,8611,,YES,Need to clear mapping,Y,,
PORC110508,"NickJen Reinsurance Co., Ltd. ",VESC_SC-PORC,8610,,YES,Need to clear mapping,Y,,
PORC090111,"NickJen Reinsurance Co., Ltd. - API (QS)",VESC_SC-PORC,,-,NO,,Y,,
PORC140807,"NietertRIC Reinsurance, Ltd. ",GAP_PORC_A,,-,NO,,y,,
PORC140807,"NietertRIC Reinsurance, Ltd. ",GAP_PORC,,-,NO,,y,,
PORC140807,"NietertRIC Reinsurance, Ltd. ",PPM_PORC_A,,-,NO,,y,,
PORC140807,"NietertRIC Reinsurance, Ltd. ",PPM_PORC,,-,NO,,y,,
PORC190703,"Off Road Divas Reinsurance, Ltd. ",Chemical_PORC_A,7196,,YES,,y,,
PORC190703,"Off Road Divas Reinsurance, Ltd. ",VESC_CL-PORC_A,7197,,YES,,y,,
PORC190703,"Off Road Divas Reinsurance, Ltd. ",VESC_KR-PORC_A,7198,,YES,,y,,
PORC190703,"Off Road Divas Reinsurance, Ltd. ",VESC_PR-PORC_A,,11/30/22,NO,,y,,
PORC190703,"Off Road Divas Reinsurance, Ltd. ",VESC_SC-PORC_A,7200,,YES,,y,,
PORC130902,"Ole Boy Reinsurance, Ltd. ",Chemical_PORC_A,3223,,YES,,y,,
PORC130902,"Ole Boy Reinsurance, Ltd. ",Chemical_PORC,3222,12/31/19,NO,,y,,
PORC130902,"Ole Boy Reinsurance, Ltd. ",VESC_SC-PORC_A,3225,,YES,,y,,
PORC130902,"Ole Boy Reinsurance, Ltd. ",VESC_SC-PORC,3224,,YES,,y,,
PORC140805,"OliverRIC Reinsurance, Ltd. ",PPM_PORC_A,,12/31/20,NO,,y,,
PORC080902,Olivia-N-Jordan Reinsurance fka JMM Doyle Reins ,EL_PORC, ,-,NO,,N,,
PORC080902,Olivia-N-Jordan Reinsurance fka JMM Doyle Reins ,Etch_PORC,,-,NO,,N,,
PORC080902,Olivia-N-Jordan Reinsurance fka JMM Doyle Reins ,LP_PORC,,-,NO,,N,,
PORC080902,Olivia-N-Jordan Reinsurance fka JMM Doyle Reins ,PPM_PORC,,-,NO,,N,,
PORC080902,Olivia-N-Jordan Reinsurance fka JMM Doyle Reins ,VESC_SC-PORC,,-,NO,,N,,
PORC140806,"PappasRIC Reinsurance, Ltd. ",Chemical_PORC_A,3167,,YES,,y,,
PORC140806,"PappasRIC Reinsurance, Ltd. ",Etch_PORC_A,3168,,YES,,y,,
PORC140806,"PappasRIC Reinsurance, Ltd. ",GAP_PORC_A,,12/31/22,NO,,y,,
PORC140806,"PappasRIC Reinsurance, Ltd. ",GAP_PORC,3169,,YES,,y,,
PORC140806,"PappasRIC Reinsurance, Ltd. ",PPM-PORC_A,3172,,YES,,y,,
PORC140806,"PappasRIC Reinsurance, Ltd. ",PPM_PORC,,12/31/21,NO,,y,,
PORC210603,"Payne A-D Reinsurance, Inc. ",VESC_LW-PORC_A,8625,,YES,,y,,
PORC210603,"Payne A-D Reinsurance, Inc. ",Chemical_PORC_A,7977,,YES,,y,,
PORC210603,"Payne A-D Reinsurance, Inc. ",GAP_PORC_A,7978,,YES,,y,,
PORC210603,"Payne A-D Reinsurance, Inc. ",PPM-PORC_A,7979,,YES,,y,,
PORC210603,"Payne A-D Reinsurance, Inc. ",VESC_CL-PORC_A,7981,,YES,,y,,
PORC210603,"Payne A-D Reinsurance, Inc. ",VESC_PW-PORC_A,8557,,YES,,y,,
PORC210603,"Payne A-D Reinsurance, Inc. ",VESC_SC-PORC_A,7980,,YES,,y,,Equation included in Product Mapping
PORC040206,"Payne Warranty Reinsurance, Ltd. ",DIM_PORC,,-,NO,,Y,,
PORC110118,"Payne Warranty Reinsurance, Ltd. ",Chemical_PORC_A,3454,,YES,,Y,,
PORC110118,"Payne Warranty Reinsurance, Ltd. ",Chemical_PORC,,08/31/20,NO,,Y,,
PORC110118,"Payne Warranty Reinsurance, Ltd. ",GAP_PORC_A,3456,,YES,,Y,,
PORC110118,"Payne Warranty Reinsurance, Ltd. ",GAP_PORC,3455,,YES,,Y,,
PORC110118,"Payne Warranty Reinsurance, Ltd. ",PPM_PORC_A,3458,,YES,,Y,,
PORC110118,"Payne Warranty Reinsurance, Ltd. ",PPM_PORC,,-,NO,,Y,,
PORC110118,"Payne Warranty Reinsurance, Ltd. ",VESC_CL-PORC_A,7001,,YES,,Y,,
PORC110118,"Payne Warranty Reinsurance, Ltd. ",VESC_SC-PORC_A,3460,,YES,,Y,,
PORC110118,"Payne Warranty Reinsurance, Ltd. ",VESC_SC-PORC,3459,,YES,,Y,,
PORC080402,"Payne Warranty Reinsurance, Ltd. Eff. 2-1-2007 ",DIM_PORC,,-,NO,,Y,,
PORC080402,"Payne Warranty Reinsurance, Ltd. Eff. 2-1-2007 ",VESC_SC-PORC,3461,,YES,,Y,,* For Annual… Can newer date automatically replace??
PORC051202,"Pepper Reinsurance fka Hampton Reinsurance, Ltd. ",Equis_SC-PORC,,-,NO,,Y,,
PORC051202,"Pepper Reinsurance fka Hampton Reinsurance, Ltd. ",Etch_PORC,,-,NO,,Y,,
PORC051202,"Pepper Reinsurance fka Hampton Reinsurance, Ltd. ",GIP_PORC,,-,NO,,Y,,
PORC051202,"Pepper Reinsurance fka Hampton Reinsurance, Ltd. ",LP_PORC,,-,NO,,Y,,
PORC051202,"Pepper Reinsurance fka Hampton Reinsurance, Ltd. ",PPM_PORC,,-,NO,,Y,,
PORC051202,"Pepper Reinsurance fka Hampton Reinsurance, Ltd. ",VESC_LW-PORC,,-,NO,,Y,,
PORC051202,"Pepper Reinsurance fka Hampton Reinsurance, Ltd. ",VESC_SC-PORC,,-,NO,,Y,,
PORC080301,"Pepper Reinsurance, Ltd.",,,-,NO,,y,,
PORC080301,"Pepper Reinsurance, Ltd.",,,-,NO,,y,,
PORC080301,"Pepper Reinsurance, Ltd.",,,-,NO,,y,,
PORC080301,"Pepper Reinsurance, Ltd.",,,-,NO,,y,,
PORC080301,"Pepper Reinsurance, Ltd.",,,-,NO,,y,,
PORC150102,"Port City Partners Reinsurance, Ltd. ",LP_PORC_A,2870,,YES,,y,,
PORC150102,"Port City Partners Reinsurance, Ltd. ",LP_PORC,2869,,YES,,y,,
PORC160801,"Quatro Senderos Reinsurance, Ltd. ",GAP_PORC_A,,-,NO,,y,,
PORC160801,"Quatro Senderos Reinsurance, Ltd. ",LP_PORC_A ,,-,NO,,y,,
PORC130802,"Quatros Futuras Reinsurance Company, Ltd. ",GAP_PORC_A,,-,NO,,y,,
PORC130802,"Quatros Futuras Reinsurance Company, Ltd. ",GAP_PORC,,-,NO,,y,,
PORC130802,"Quatros Futuras Reinsurance Company, Ltd. ",LP_PORC_A,,-,NO,,y,,
PORC130802,"Quatros Futuras Reinsurance Company, Ltd. ",LP_PORC,,-,NO,,y,,
PORC060509,"R & D Investments Reinsurance, Ltd. ",Equis_SC-PORC,,-,NO,,Y,,
PORC060509,"R & D Investments Reinsurance, Ltd. ",GAP_PORC,,-,NO,,Y,,
PORC060509,"R & D Investments Reinsurance, Ltd. ",GIP_PORC,,-,NO,,Y,,
PORC060509,"R & D Investments Reinsurance, Ltd. ",PPM_PORC,,-,NO,,Y,,
PORC060509,"R & D Investments Reinsurance, Ltd. ",VESC_LW-PORC,,-,NO,,Y,,
PORC060509,"R & D Investments Reinsurance, Ltd. ",VESC_SC-PORC,,-,NO,,Y,,
PORC170105,R. O. Davis Reinsurance Limited ,PPM_PORC_A,,-,NO,,y,,
PORC150703,"R. Peters II Reinsurance, Ltd. ",GAP_PORC_A,,-,NO,,y,,
PORC150703,"R. Peters II Reinsurance, Ltd. ",PPM_PORC_A,,-,NO,,y,,
PORC150703,"R. Peters II Reinsurance, Ltd. ",VESC_SC-PORC_A,,-,NO,,y,,
PORC110357,"Ranchfund Reinsurance, LTD.",Etch_PORC,,-,NO,,y,,
PORC110357,"Ranchfund Reinsurance, LTD.",GAP_PORC_A,,-,NO,,y,,
PORC110357,"Ranchfund Reinsurance, LTD.",GAP_PORC,,-,NO,,y,,
PORC110357,"Ranchfund Reinsurance, LTD.",GIP_PORC,,-,NO,,y,,
PORC110357,"Ranchfund Reinsurance, LTD.",VESC_SC-PORC_A,,-,NO,,y,,
PORC110357,"Ranchfund Reinsurance, LTD.",VESC_SC-PORC,,-,NO,,y,,
PORC041103,"Rangers Reinsurance, Ltd. fka ARC Reins Co., Ltd ",GAP_PORC,,-,NO,,N,,
PORC041103,"Rangers Reinsurance, Ltd. fka ARC Reins Co., Ltd ",VESC_SC-PORC,,-,NO,,N,,
PORC020114,"Rangers Reinsurance, Ltd. fka Corner Stone Reins ",Equis_SC-PORC,,-,NO,,N,,
PORC020114,"Rangers Reinsurance, Ltd. fka Corner Stone Reins ",Reyna_PORC,,-,NO,,Y,,
PORC140103,"Rangers Reinsurance, Ltd. fka CWS REINSURANCE LTD ",Chemical_PORC_A,,07/30/21,NO,,y,,
PORC140103,"Rangers Reinsurance, Ltd. fka CWS REINSURANCE LTD ",VESC_SC-PORC_A,8264,,YES,,y,,
PORC010101,"Rangers Reinsurance, Ltd. fka RLS Reinsurance ",Equis_SC-PORC,,-,NO,,N,,
PORC010101,"Rangers Reinsurance, Ltd. fka RLS Reinsurance ",Reyna_PORC,,-,NO,,N,,
PORC010102,"Rangers Reinsurance, Ltd. fka RLS Reinsurance ",VscRefund_PORC,,-,NO,,N,,
PORC120303,"Rangers Reinsurance, Ltd. fka Samson Reinsurance ",GAP_PORC_A,,12/31/22,NO,,y,,
PORC120303,"Rangers Reinsurance, Ltd. fka Samson Reinsurance ",GAP_PORC,,12/30/21,NO,,y,,
PORC120303,"Rangers Reinsurance, Ltd. fka Samson Reinsurance ",VESC_SC-PORC_A,,12/31/22,NO,,y,,
PORC120303,"Rangers Reinsurance, Ltd. fka Samson Reinsurance ",VESC_SC-PORC,,12/31/22,NO,,y,,
PORC061007,"Rangers Reinsurance, Ltd. fka Texas Trophy Reins ",PPM_PORC,,-,NO,,N,,
PORC061007,"Rangers Reinsurance, Ltd. fka Texas Trophy Reins ",VESC_LW-PORC,,-,NO,,N,,
PORC151102,"Rangers Reinsurance, Ltd. fka Z&M Consolidated Re ",Chemical_PORC_A,,07/01/22,NO,,y,,
PORC151102,"Rangers Reinsurance, Ltd. fka Z&M Consolidated Re ",Etch_PORC_A,,12/01/21,NO,,y,,
PORC151102,"Rangers Reinsurance, Ltd. fka Z&M Consolidated Re ",GAP_PORC_A,,12/30/22,NO,,y,,
PORC151102,"Rangers Reinsurance, Ltd. fka Z&M Consolidated Re ",PPM-PORC_A,,03/30/22,NO,,y,,
PORC170103,"RCD1 Reinsurance, Ltd. ",Chemical_PORC_A,5561,,YES,,y,,
PORC170103,"RCD1 Reinsurance, Ltd. ",GAP_PORC_A,4761,,YES,,y,,
PORC170103,"RCD1 Reinsurance, Ltd. ",LP_PORC_A,4763,,YES,,y,,
PORC170103,"RCD1 Reinsurance, Ltd. ",PPM-PORC_A,5562,,YES,,y,,
PORC170103,"RCD1 Reinsurance, Ltd. ",VESC_CL-PORC_A,6562,,YES,,y,,
PORC170103,"RCD1 Reinsurance, Ltd. ",VESC_KR-PORC_A,5564,,YES,,y,,
PORC170103,"RCD1 Reinsurance, Ltd. ",VESC_LD-PORC_A,5565,,YES,,y,,
PORC170103,"RCD1 Reinsurance, Ltd. ",VESC_PC-PORC_A,5563,,YES,,y,,Equation included in Product Mapping
PORC170103,"RCD1 Reinsurance, Ltd. ",VESC_SC-PORC_A,4762,,YES,,y,,Equation included in Product Mapping
PORC100409,"RCP Reinsurance, Ltd.",Chemical_PORC,,-,NO,,Y,,
PORC100409,"RCP Reinsurance, Ltd.",Etch_PORC,,-,NO,,Y,,
PORC100409,"RCP Reinsurance, Ltd.",GAP_PORC,,-,NO,,Y,,
PORC180501,RCWS Reinsurance fka Hawk Holdings Reinsurance ,LP_PORC_A,8484,,YES,,y,,
PORC181003,"RCWS Reinsurance, Ltd. ",GAP_PORC_A,6978,,YES,,y,,
PORC181003,"RCWS Reinsurance, Ltd. ",LP_PORC_A,7237,,YES,,y,,
PORC061005,"Red Rocks Reinsurance Co., Ltd. ",GAP_PORC,,-,NO,,Y,,
PORC061005,"Red Rocks Reinsurance Co., Ltd. ",GIP_PORC,,-,NO,,Y,,
PORC061005,"Red Rocks Reinsurance Co., Ltd. ",LP_PORC,,-,NO,,Y,,
PORC061005,"Red Rocks Reinsurance Co., Ltd. ",PPM_PORC,,-,NO,,Y,,
PORC061005,"Red Rocks Reinsurance Co., Ltd. ",VscRefund_PORC,,-,NO,,Y,,
PORC110321,"Remington Reinsurance Company, LTD.",Etch_PORC_A,,-,NO,,Y,,
PORC110321,"Remington Reinsurance Company, LTD.",Etch_PORC,,-,NO,,Y,,
PORC110321,"Remington Reinsurance Company, LTD.",GAP_PORC_A,,-,NO,,Y,,
PORC110321,"Remington Reinsurance Company, LTD.",GAP_PORC,,-,NO,,Y,,
PORC110321,"Remington Reinsurance Company, LTD.",GIP_PORC,,-,NO,,Y,,
PORC110321,"Remington Reinsurance Company, LTD.",LP_PORC,,-,NO,,Y,,
PORC110321,"Remington Reinsurance Company, LTD.",PPM-PORC_A ,,-,NO,,Y,,
PORC110321,"Remington Reinsurance Company, LTD.",PPM_PORC,,-,NO,,Y,,
PORC110321,"Remington Reinsurance Company, LTD.",VESC_SC-PORC_A,,-,NO,,Y,,
PORC110321,"Remington Reinsurance Company, LTD.",VESC_SC-PORC,,-,NO,,Y,,
PORC140302,"Rettger Reinsurance, Ltd. ",LP_PORC_A,3260,,YES,,y,,
PORC140302,"Rettger Reinsurance, Ltd. ",LP_PORC,3259,,YES,,y,,
PORC140302,"Rettger Reinsurance, Ltd. ",VESC_SC-PORC_A,3262,,YES,,y,,
PORC140302,"Rettger Reinsurance, Ltd. ",VESC_SC-PORC,,12/31/21,NO,,y,,
PORC110380,"Richard Wad Reinsurance, Ltd. (AG)",Etch_SFA_A,,-,NO,,y,,* For Annual… Can newer date automatically replace??
PORC110380,"Richard Wad Reinsurance, Ltd. (AG)",Etch_SFA,,-,NO,,y,,
PORC110380,"Richard Wad Reinsurance, Ltd. (AG)",GAP_SFA_A,,-,NO,,y,,
PORC110380,"Richard Wad Reinsurance, Ltd. (AG)",GAP_SFA,,-,NO,,y,,
PORC110380,"Richard Wad Reinsurance, Ltd. (AG)",VESC_SC-SFA_A,,-,NO,,y,,
PORC110380,"Richard Wad Reinsurance, Ltd. (AG)",VESC_SC-SFA,,-,NO,,y,,
PORC110380,"Richard Wad Reinsurance, Ltd. (AG)",VESC_SC-SFA_P,,-,NO,,y,,* For Annual… Can newer date automatically replace??
PORC180405,"Riders Assurance II Reinsurance, Ltd. ",Chemical_PORC_A,8656,,YES,,y,,
PORC180405,"Riders Assurance II Reinsurance, Ltd. ",VESC_SC-PORC_A,8657,,YES,,y,,
PORC180405,"Riders Assurance II Reinsurance, Ltd. ",VESC_SC-PORC_P,8658,,YES,,y,,
PORC181002,"Riders Assurance II Reinsurance, Ltd. ",VESC_SC-PORC_A,8659,,YES,,y,,
PORC090404,Riders Assurance Reinsurance LTD. ,Etch_PORC,,-,NO,,Y,,
PORC090404,Riders Assurance Reinsurance LTD. ,GAP_PORC,,-,NO,,Y,,
PORC090404,Riders Assurance Reinsurance LTD. ,VESC_SC-PORC,,12/31/21,NO,,Y,,
PORC090404,Riders Assurance Reinsurance LTD. ,Xtend_PORC,,-,NO,,Y,,
PORC080712,"RipRok Reinsurance, Ltd. (AG) ",Etch_SFA,,-,NO,,N,,
PORC080201,"RipRok Reinsurance, Ltd. (QS)",Etch_PORC,,-,NO,,N,,
PORC110370,"ROC II Reinsurance, Ltd.",LP_PORC_A,3266,,YES,,y,,
PORC110370,"ROC II Reinsurance, Ltd.",LP_PORC,3265,,YES,,y,,
PORC110370,"ROC II Reinsurance, Ltd.",VESC_LW-PORC_A,6431,,YES,,y,,
PORC110370,"ROC II Reinsurance, Ltd.",VESC_LW-PORC,,-,NO,,y,,
PORC110370,"ROC II Reinsurance, Ltd.",VESC_SC-PORC_A,3271,,YES,,y,,
PORC110370,"ROC II Reinsurance, Ltd.",VESC_SC-PORC,3270,,YES,,y,,
PORC090730,"ROC II Reinsurance, Ltd. ",Equis_SC-PORC,,-,NO,,Y,,
PORC090730,"ROC II Reinsurance, Ltd. ",LP_PORC,3265,,YES,,Y,,
PORC090730,"ROC II Reinsurance, Ltd. ",VESC_LW-PORC,,-,NO,,Y,,
PORC090730,"ROC II Reinsurance, Ltd. ",VESC_SC-PORC,,-,NO,,Y,,
PORC050710,"ROC Reinsurance Co., Ltd ",quis_SC-PORC,,-,NO,,N,,
PORC100404,"RTF II Reinsurance, Ltd.",Etch_PORC,,-,NO,,Y,,
PORC100404,"RTF II Reinsurance, Ltd.",PPM_PORC,,-,NO,,Y,,
PORC210406,"Ryder Reinsurance, Inc. ",VESC_SC-PORC_A,7687,,YES,,y,,
PORC190105,"S. Peters Reinsurance, Ltd. ",GAP_PORC,,-,NO,,y,,
PORC190105,"S. Peters Reinsurance, Ltd. ",PPM-PORC_A,,-,NO,,y,,
PORC190105,"S. Peters Reinsurance, Ltd. ",GAP_PORC_A,,-,NO,,y,,
PORC190105,"S. Peters Reinsurance, Ltd. ",PPM_PORC_A,,-,NO,,y,,
PORC190105,"S. Peters Reinsurance, Ltd. ",VESC_SC-PORC_A,,-,NO,,y,,
PORC220502,"SD-MCD GROUP REINSURANCE, LTD. ",EL_PORC_A,8623,,YES,,Y,,
PORC220502,"SD-MCD GROUP REINSURANCE, LTD. ",VESC_PW-PORC_A,8196,,YES,,Y,,
PORC160802,"ShaPaYo Investments Reinsurance, Ltd. ",GAP_PORC_A,,-,NO,,y,,
PORC160802,"ShaPaYo Investments Reinsurance, Ltd. ",LP_PORC_A ,,-,NO,,y,,
PORC200701,"Sherman Satisfaction Reinsurance, Ltd. ",GAP_PORC_A,,-,NO,,y,,
PORC200701,"Sherman Satisfaction Reinsurance, Ltd. ",PPM_PORC_A,,-,NO,,y,,
PORC200701,"Sherman Satisfaction Reinsurance, Ltd. ",VESC_SC-PORC_A,,-,NO,,y,,
PORC100105,"SJ and Sons Reinsurance, Ltd. (AG)",Chemical_SFA,,-,NO,,Y,,
PORC100105,"SJ and Sons Reinsurance, Ltd. (AG)",VESC_LT-SFA,,-,NO,,Y,,
PORC071001,"SJ and Sons Reinsurance, Ltd. (QS) ",Chemical_PORC,,-,NO,,Y,,
PORC071001,"SJ and Sons Reinsurance, Ltd. (QS) ",LT_PORC,,-,NO,,Y,,
PORC071001,"SJ and Sons Reinsurance, Ltd. (QS) ",TW_PORC,,-,NO,,Y,,
PORC141004,"Smithtown Reinsurance Company, Ltd.",LP_PORC_A,,-,NO,,y,,
PORC141004,"Smithtown Reinsurance Company, Ltd.",PPM-PORC_A,,-,NO,,y,,
PORC150704,"SMKR Reinsurance, Ltd. ",GAP_PORC_A,,-,NO,,y,,
PORC150704,"SMKR Reinsurance, Ltd. ",VESC_SC-PORC_A,,-,NO,,y,,
PORC120906,"SOPJOE Reinsurance, Ltd. ",PPM_PORC_A,,-,NO,,y,,
PORC120906,"SOPJOE Reinsurance, Ltd. ",PPM_PORC,,-,NO,,y,,
PORC150401,"SPECTRE REINSURANCE, Ltd. ",LP_PORC_A ,,-,NO,,y,,
PORC150401,"SPECTRE REINSURANCE, Ltd. ",PPM_PORC_A,,-,NO,,y,,
PORC091201,Speedhump Reinsurance Limited,Chemical_PORC,,-,NO,,Y,,
PORC110138,Speedhump Reinsurance Limited,Etch_PORC,,-,NO,,Y,,
PORC110138,Speedhump Reinsurance Limited,PPM_PORC,,-,NO,,Y,,
PORC110138,Speedhump Reinsurance Limited,VESC_PC-PORC,,-,NO,,Y,,
PORC110138,Speedhump Reinsurance Limited,VESC_SC-PORC,,-,NO,,Y,,
PORC140902,"SSSV Reinsurance, Ltd. ",Chemical_PORC_A,3227,,YES,,y,,
PORC140902,"SSSV Reinsurance, Ltd. ",Chemical_PORC,3226,,YES,,y,,
PORC140902,"SSSV Reinsurance, Ltd. ",Etch_PORC_A,5693,,YES,,y,,
PORC140902,"SSSV Reinsurance, Ltd. ",LP_PORC_A,3229,,YES,,y,,
PORC140902,"SSSV Reinsurance, Ltd. ",LP_PORC,3228,,YES,,y,,
PORC140902,"SSSV Reinsurance, Ltd. ",PPM-PORC_A,6658,,YES,,y,,
PORC140902,"SSSV Reinsurance, Ltd. ",VESC_SC-PORC_A,3231,,YES,,y,,
PORC140902,"SSSV Reinsurance, Ltd. ",VESC_SC-PORC,,12/31/22,NO,,y,,
PORC191104,"Stoffels Reinsurance Company, Ltd.",VESC_SC-PORC_A,7038,,YES,Need to clear mapping,y,,
PORC191104,"Stoffels Reinsurance Company, Ltd.",VESC_SC-PORC_P,7039,,YES,Need to clear mapping,y,,
PORC090106,"Stony Meadow Reinsurance, Ltd.",Equis_SC-PORC,,-,NO,,Y,,
PORC090106,"Stony Meadow Reinsurance, Ltd.",Etch_PORC,,-,NO,,Y,,
PORC090106,"Stony Meadow Reinsurance, Ltd.",GIP_PORC,,-,NO,,Y,,
PORC090106,"Stony Meadow Reinsurance, Ltd.",VESC_LW-PORC,,-,NO,,Y,,
PORC090106,"Stony Meadow Reinsurance, Ltd.",VESC_SC-PORC,,-,NO,,Y,,
PORC170304,"Sunset Blvd. Reinsurance, Ltd. ",LP_PORC_A,5571,,YES,,y,,
PORC170304,"Sunset Blvd. Reinsurance, Ltd. ",PPM-PORC_A,,02/29/20,NO,,y,,
PORC170304,"Sunset Blvd. Reinsurance, Ltd. ",VESC_LW-PORC_A,,08/31/20,NO,,y,,
PORC170304,"Sunset Blvd. Reinsurance, Ltd. ",VESC_PC-PORC_A,7096,,YES,,y,,
PORC170304,"Sunset Blvd. Reinsurance, Ltd. ",VESC_SC-PORC_A,5574,,YES,Need to clear mapping,y,,
PORC170304,"Sunset Blvd. Reinsurance, Ltd. ",VESC_SC-PORC_P,7907,,YES,Need to clear mapping,y,,
PORC040210,"Sweetwater Reinsurance, Ltd. ",DIM_PORC,,12/31/18,NO,,Y,,
PORC040210,"Sweetwater Reinsurance, Ltd. ",PPM_PORC,,-,NO,,Y,,
PORC040210,"Sweetwater Reinsurance, Ltd. ",VESC_LW-PORC,,-,NO,,Y,,
PORC040210,"Sweetwater Reinsurance, Ltd. ",VESC_SC-PORC,,12/31/21,NO,,Y,,
PORC110145,"Sweetwater Reinsurance, Ltd. ",VESC_CL-PORC_A,8633,,YES,,Y,,
PORC110145,"Sweetwater Reinsurance, Ltd. ",VESC_HT-PORC_A,8632,,YES,,Y,,
PORC110145,"Sweetwater Reinsurance, Ltd. ",Chemical_PORC_A,4531,,YES,,Y,,
PORC110145,"Sweetwater Reinsurance, Ltd. ",Etch_PORC_A,3471,,YES,,Y,,
PORC110145,"Sweetwater Reinsurance, Ltd. ",LP_PORC_A,3473,,YES,,Y,,
PORC110145,"Sweetwater Reinsurance, Ltd. ",PPM-PORC_A ,3477,,YES,,Y,,
PORC110145,"Sweetwater Reinsurance, Ltd. ",PPM_PORC,,12/30/18,NO,,Y,,
PORC110145,"Sweetwater Reinsurance, Ltd. ",VESC_KR-PORC_A,3472,,YES,,Y,,
PORC110145,"Sweetwater Reinsurance, Ltd. ",VESC_LD-PORC_A,5296,,YES,,Y,,
PORC110145,"Sweetwater Reinsurance, Ltd. ",VESC_LW-PORC,,-,NO,,Y,,
PORC110145,"Sweetwater Reinsurance, Ltd. ",VESC_PW-PORC_A,8561,,YES,,Y,,
PORC110145,"Sweetwater Reinsurance, Ltd. ",VESC_SC-PORC_A,3480,,YES,,Y,,
PORC110145,"Sweetwater Reinsurance, Ltd. ",VESC_SC-PORC,3479,,YES,,Y,,
PORC040204,"T.A.K. Reinsurance, Ltd. ",DIM_PORC,,-,NO,,Y,,
PORC040204,"T.A.K. Reinsurance, Ltd. ",VESC_SC-PORC,,10/31/19,NO,,Y,,
PORC191103,"Tenvoorde Reinsurance Company, Ltd. ",GAP_PORC_A,7841,,YES,,y,,
PORC191103,"Tenvoorde Reinsurance Company, Ltd. ",VESC_CL-PORC_A,6996,,YES, ,y,,
PORC191103,"Tenvoorde Reinsurance Company, Ltd. ",VESC_SC-PORC_A,7840,,YES,,y,,
PORC110703,"Tewart Profit Builders Reinsurance, Ltd.",GAP_PORC_A,6490,,YES,,Y,N,
PORC110703,"Tewart Profit Builders Reinsurance, Ltd.",LP_PORC_A,4219,,YES,,Y,,
PORC110703,"Tewart Profit Builders Reinsurance, Ltd.",LP_PORC,4218,,YES,,Y,,
PORC110703,"Tewart Profit Builders Reinsurance, Ltd.",VESC_KR-PORC_A,6491,,YES,,Y,,
PORC110703,"Tewart Profit Builders Reinsurance, Ltd.",VESC_PC-PORC_A,6492,,YES,,Y,,
PORC110703,"Tewart Profit Builders Reinsurance, Ltd.",VESC_SC-PORC_A,4222,,YES,,Y,,
PORC110703,"Tewart Profit Builders Reinsurance, Ltd.",VESC_SC-PORC,,05/31/19,NO,,Y,,
PORC081206,"Tewart Profit Builders Reinsurance, Ltd. ",Etch_PORC,,-,NO,,Y,,
PORC081206,"Tewart Profit Builders Reinsurance, Ltd. ",GAP_PORC,,-,NO,,Y,,
PORC081206,"Tewart Profit Builders Reinsurance, Ltd. ",PPM_PORC,,-,NO,,Y,,
PORC081206,"Tewart Profit Builders Reinsurance, Ltd. ",VESC_SC-PORC,,-,NO,,Y,,
PORC081110,"Tidewater Reinsurance, LTD.",Etch_PORC,,-,NO,,Y,,
PORC081110,"Tidewater Reinsurance, LTD.",GIP_PORC,,-,NO,,Y,,
PORC081110,"Tidewater Reinsurance, LTD.",VESC_LW-SFA,,-,NO,,Y,,
PORC081110,"Tidewater Reinsurance, LTD.",VESC_SC-PORC,,-,NO,,Y,,
PORC071010,"TJM 3600 Reinsurance Co., Ltd. ",EL_PORC,,-,NO,,N,,
PORC071010,"TJM 3600 Reinsurance Co., Ltd. ",PPM_PORC,,-,NO,,N,,
PORC071010,"TJM 3600 Reinsurance Co., Ltd. ",VESC_LW-PORC,,-,NO,,N,,
PORC110437,"Top Dog International Reinsurance, Ltd. (AG)",Chemical_SFA_A,2305,,YES,,y,,
PORC110437,"Top Dog International Reinsurance, Ltd. (AG)",Chemical_SFA,,10/30/20,NO,,y,,
PORC110437,"Top Dog International Reinsurance, Ltd. (AG)",Etch_SFA_A,2309,,YES,,y,,
PORC110437,"Top Dog International Reinsurance, Ltd. (AG)",Etch_SFA,,-,NO,,y,,
PORC110437,"Top Dog International Reinsurance, Ltd. (AG)",GAP_SFA_A,2311,,YES,,y,,
PORC110437,"Top Dog International Reinsurance, Ltd. (AG)",GAP_SFA,,12/30/22,NO,,y,,
PORC110437,"Top Dog International Reinsurance, Ltd. (AG)",PPM_SFA,,-,NO,,y,,
PORC110437,"Top Dog International Reinsurance, Ltd. (AG)",VESC_LP-SFA,2312,,YES,,y,,
PORC110437,"Top Dog International Reinsurance, Ltd. (AG)",VESC_LW-SFA_A,,-,NO,,y,,
PORC110437,"Top Dog International Reinsurance, Ltd. (AG)",VESC_LW-SFA,,-,NO,,y,,
PORC110437,"Top Dog International Reinsurance, Ltd. (AG)",VESC_PC-SFA,,10/30/18,NO,,y,,
PORC110437,"Top Dog International Reinsurance, Ltd. (AG)",VESC_SC-SFA_A,2320,,YES,,y,,
PORC110437,"Top Dog International Reinsurance, Ltd. (AG)",VESC_SC-SFA,2319,,YES,,y,,
PORC120112,"Top Dog International Reinsurance, Ltd. (AG)",VESC_LP-SFA,2313,,YES,,y,,
PORC130120,"Top Dog International Reinsurance, Ltd. (QS)",Chemical_PORC_A,2307,,YES,,y,,
PORC130120,"Top Dog International Reinsurance, Ltd. (QS) ",Chemical_PORC,,11/30/20,NO,,y,,
PORC130120,"Top Dog International Reinsurance, Ltd. (QS) ",VESC_PC-PORC,,-,NO,,y,,
PORC110386,Ubersox Investments Reinsurance Limited ,Chemical_PORC_A,3513,,YES,,y,,
PORC110386,Ubersox Investments Reinsurance Limited ,Etch_PORC_A,3514,,YES,,y,,
PORC110386,Ubersox Investments Reinsurance Limited ,GAP_PORC_A,3515,,YES,,y,,
PORC110386,Ubersox Investments Reinsurance Limited ,LP_PORC_A,3516,,YES,,y,,
PORC110386,Ubersox Investments Reinsurance Limited ,PPM-PORC_A,,12/30/21,NO,,y,,
PORC110386,Ubersox Investments Reinsurance Limited ,PPM_PORC,,-,NO,,y,,
PORC110386,Ubersox Investments Reinsurance Limited ,VESC_KR-PORC_A,,11/29/21,NO,,y,,
PORC110386,Ubersox Investments Reinsurance Limited ,VESC_SC-PORC_A,3520,,YES,,y,,
PORC110386,Ubersox Investments Reinsurance Limited ,VESC_SC-PORC,3519,,YES,,y,,
PORC080103,"Vance Reins fka J.V.A.G. Reinsurance Co., Ltd.",GAP_PORC,2743,,YES,,y,,
PORC080103,"Vance Reins fka J.V.A.G. Reinsurance Co., Ltd.",LP_PORC,2745,,YES,,y,,
PORC080103,"Vance Reins fka J.V.A.G. Reinsurance Co., Ltd.",PPM_PORC,,-,NO,,y,,
PORC080103,"Vance Reins fka J.V.A.G. Reinsurance Co., Ltd.",VESC_LW-PORC,,-,NO,,y,,
PORC080103,"Vance Reins fka J.V.A.G. Reinsurance Co., Ltd.",VESC_SC-PORC,2749,,YES,,y,,
PORC110346,"Vance Reins fka J.V.A.G. Reinsurance Co., Ltd.",Chemical_PORC,,-,NO,,y,,
PORC110346,"Vance Reins fka J.V.A.G. Reinsurance Co., Ltd.",GAP_PORC,,-,NO,,y,,
PORC110346,"Vance Reins fka J.V.A.G. Reinsurance Co., Ltd.",LP_PORC,2744,,YES,,y,,
PORC110346,"Vance Reins fka J.V.A.G. Reinsurance Co., Ltd.",VESC_SC-PORC,2748,,YES,,y,,
PORC120108,"Vance Reinsurance Co., Ltd.",Chemical_PORC_A,6485,,YES,,y,,
PORC120108,"Vance Reinsurance Co., Ltd.",Chemical_PORC,,-,NO,,y,,
PORC120108,"Vance Reinsurance Co., Ltd.",GAP_PORC_A,6486,,YES,,y,,Equation included in Product Mapping
PORC120108,"Vance Reinsurance Co., Ltd.",GAP_PORC,,-,NO,,y,,Equation included in Product Mapping
PORC120108,"Vance Reinsurance Co., Ltd.",GIP_PORC,,-,NO,,y,,
PORC120108,"Vance Reinsurance Co., Ltd.",LP_PORC_A,8456,,YES,,y,,
PORC120108,"Vance Reinsurance Co., Ltd.",LP_PORC,2772,,YES,,y,,
PORC120108,"Vance Reinsurance Co., Ltd.",PPM-PORC_A,2775,,YES,,y,,Equation included in Product Mapping
PORC120108,"Vance Reinsurance Co., Ltd.",PPM_PORC,,-,NO,,y,,
PORC120108,"Vance Reinsurance Co., Ltd.",VESC_LW-PORC_A,,-,NO,,y,,
PORC120108,"Vance Reinsurance Co., Ltd.",VESC_LW-PORC,,-,NO,,y,,
PORC120108,"Vance Reinsurance Co., Ltd.",VESC_PR-PORC_P,8455,,YES,,y,,
PORC120108,"Vance Reinsurance Co., Ltd.",VESC_SC-PORC_P,7298,,YES,,y,,
PORC120108,"Vance Reinsurance Co., Ltd.",VESC_CL-PORC_A,6487,,YES,Need to clear mapping,y,,
PORC120108,"Vance Reinsurance Co., Ltd.",VESC_CL-PORC_P,6488,,YES,Need to clear mapping,y,,
PORC120108,"Vance Reinsurance Co., Ltd.",VESC_SC-PORC,2776,,YES,Need to clear mapping,y,,
PORC130107,"Vance Reinsurance Co., Ltd. ",VESC_SC-PORC,2777,,YES,Need to clear mapping,y,,
PORC080101,"Vance Reinsurance fka Miami Reinsurance Co., LTD.",GAP_PORC,2752,,YES,,y,,
PORC080101,"Vance Reinsurance fka Miami Reinsurance Co., LTD.",LP_PORC,2754,,YES,,y,,
PORC080101,"Vance Reinsurance fka Miami Reinsurance Co., LTD.",PPM_PORC,,-,NO,,y,,
PORC080101,"Vance Reinsurance fka Miami Reinsurance Co., LTD.",VESC_LW-PORC,,-,NO,,y,,
PORC080101,"Vance Reinsurance fka Miami Reinsurance Co., LTD.",VESC_SC-PORC,2758,,YES,,y,,
PORC110352,"Vance Reinsurance fka Miami Reinsurance Co., LTD.",Chemical_PORC,,-,NO,,y,,
PORC110352,"Vance Reinsurance fka Miami Reinsurance Co., LTD.",GAP_PORC,,-,NO,,y,,
PORC110352,"Vance Reinsurance fka Miami Reinsurance Co., LTD.",LP_PORC,2753,,YES,,y,,
PORC110352,"Vance Reinsurance fka Miami Reinsurance Co., LTD.",VESC_SC-PORC,2757,,YES,,y,,
PORC080102,"Vance Reinsurance fka Perry Reinsurance Co., Ltd.",GAP_PORC,2760,,YES,,y,,
PORC080102,"Vance Reinsurance fka Perry Reinsurance Co., Ltd.",GIP_PORC,,-,NO,-,y,,
PORC080102,"Vance Reinsurance fka Perry Reinsurance Co., Ltd.",LP_PORC,2764,,YES,,y,,
PORC080102,"Vance Reinsurance fka Perry Reinsurance Co., Ltd.",PPM_PORC,,-,NO,,y,,
PORC080102,"Vance Reinsurance fka Perry Reinsurance Co., Ltd.",VESC_LW-PORC,,-,NO,,y,,
PORC080102,"Vance Reinsurance fka Perry Reinsurance Co., Ltd.",VESC_SC-PORC,2768,,YES,,y,,
PORC110354,"Vance Reinsurance fka Perry Reinsurance Co., Ltd.",GAP_PORC,,-,NO,,y,,
PORC110354,"Vance Reinsurance fka Perry Reinsurance Co., Ltd.",GIP_PORC,,-,NO,,y,,
PORC110354,"Vance Reinsurance fka Perry Reinsurance Co., Ltd.",LP_PORC,2763,,YES,,y,,
PORC110354,"Vance Reinsurance fka Perry Reinsurance Co., Ltd.",VESC_SC-PORC,2767,,YES,,y,,
PORC210804,"White Family Casualty 2 Reinsurance, Inc. ",LP_PORC_A,7959,,YES,,y,,Equation included in Product Mapping
PORC200601,"Whitehead Evans Llano Reinsurance, Ltd. ",GAP_PORC_A,,-,NO,,y,,
PORC200601,"Whitehead Evans Llano Reinsurance, Ltd. ",LP_PORC_A,,-,NO,,y,,
PORC200601,"Whitehead Evans Llano Reinsurance, Ltd. ",VESC_SC-PORC_A,,-,NO,,y,,
PORC150701,"Winding River Reinsurance, Ltd. ",Chemical_PORC_A,3521,,YES,,y,,
PORC150701,"Winding River Reinsurance, Ltd. ",Etch_PORC_A,3522,,YES,,y,,
PORC150701,"Winding River Reinsurance, Ltd. ",GAP_PORC_A,3523,,YES,,y,,
PORC150701,"Winding River Reinsurance, Ltd. ",VESC_KR-PORC_A,3524,,YES,,y,,
PORC150701,"Winding River Reinsurance, Ltd. ",VESC_SC-PORC_A,,12/31/22,NO,,y,,
PORC040212,"Wold Reinsurance, Ltd. ",DIM_PORC,,-,NO,,Y,,
PORC040212,"Wold Reinsurance, Ltd. ",PPM_PORC,,-,NO,,Y,,
PORC040212,"Wold Reinsurance, Ltd. ",VESC_LW-PORC,,-,NO,,Y,,
PORC040212,"Wold Reinsurance, Ltd. ",VESC_SC-PORC,,12/31/21,NO,,Y,,
PORC110146,"Wold Reinsurance, Ltd. ",VESC_CL-PORC_A,8631,,YES,,Y,,
PORC110146,"Wold Reinsurance, Ltd. ",VESC_HT-PORC_A,8630,,YES,,Y,,
PORC110146,"Wold Reinsurance, Ltd. ",Chemical_PORC_A,4532,,YES,,Y,,
PORC110146,"Wold Reinsurance, Ltd. ",Etch_PORC_A,3529,,YES,,Y,,
PORC110146,"Wold Reinsurance, Ltd. ",LP_PORC_A,3531,,YES,,Y,,
PORC110146,"Wold Reinsurance, Ltd. ",PPM-PORC_A,3535,,YES,,Y,,
PORC110146,"Wold Reinsurance, Ltd. ",PPM_PORC,,12/30/18,NO,,Y,,
PORC110146,"Wold Reinsurance, Ltd. ",VESC_KR-PORC_A,3530,,YES,,Y,,
PORC110146,"Wold Reinsurance, Ltd. ",VESC_LD-PORC_A,5297,,YES,,Y,,
PORC110146,"Wold Reinsurance, Ltd. ",VESC_LW-PORC,,-,NO,,Y,,
PORC110146,"Wold Reinsurance, Ltd. ",VESC_PW-PORC_A,8562,,YES,,Y,,
PORC110146,"Wold Reinsurance, Ltd. ",VESC_SC-PORC_A,3538,,YES,,Y,,
PORC110146,"Wold Reinsurance, Ltd. ",VESC_SC-PORC,3537,,YES,,Y,,
PORC130118,"WVUUMD Reinsurance, Ltd. ",LP_PORC_A,3275,,YES,,y,,
PORC130118,"WVUUMD Reinsurance, Ltd. ",VESC_SC-PORC_A,3277,,YES,,y,,
PORC130118,"WVUUMD Reinsurance, Ltd. ",VESC_SC-PORC,3276,,YES,,y,,
PORC100508,"WWM Reinsurance, Ltd.",GAP_PORC,,-,NO,,Y,,
PORC100508,"WWM Reinsurance, Ltd.",PPM_PORC,,-,NO,,Y,,
PORC091108,"Ztram II Reinsurance Co., Ltd. ",Chemical_PORC,,-,NO,,N,,
PORC091108,"Ztram II Reinsurance Co., Ltd. ",Etch_PORC,,-,NO,,N,,
PORC091108,"Ztram II Reinsurance Co., Ltd. ",GAP_PORC,,-,NO,,N,,
PORC091108,"Ztram II Reinsurance Co., Ltd. ",VESC_SC-PORC,,-,NO,,N,,
PORC091107,"Ztram Reinsurance Co., Ltd. ",Chemical_PORC,,-,NO,,N,,
PORC091107,"Ztram Reinsurance Co., Ltd. ",Etch_PORC,,-,NO,,N,,
PORC091107,"Ztram Reinsurance Co., Ltd. ",GAP_PORC,,-,NO,,N,,
PORC091107,"Ztram Reinsurance Co., Ltd. ",VESC_SC-PORC,,-,NO,,N,,
,,,,,,,,,
,,,,,,,,,
,,,,,,,,,
,,,,,,,,,
,,,,,,,,,
,,,,,,,,,
,,,,,,,,,
,,,,,,,,,
